JndiContext.java,org.seedstack.seed.core.internal.jndi.JndiContext,null,addToEnvironment,176,NO_COVERAGE,none
JndiContext.java,org.seedstack.seed.core.internal.jndi.JndiContext,void,bind,71,NO_COVERAGE,none
JndiContext.java,org.seedstack.seed.core.internal.jndi.JndiContext,void,bind,66,NO_COVERAGE,none
JndiContext.java,org.seedstack.seed.core.internal.jndi.JndiContext,"",composeName,171,NO_COVERAGE,none
JndiContext.java,org.seedstack.seed.core.internal.jndi.JndiContext,"A",composeName,171,NO_COVERAGE,none
JndiContext.java,org.seedstack.seed.core.internal.jndi.JndiContext,null,composeName,171,NO_COVERAGE,none
JndiContext.java,org.seedstack.seed.core.internal.jndi.JndiContext,null,composeName,166,NO_COVERAGE,none
JndiContext.java,org.seedstack.seed.core.internal.jndi.JndiContext,null,createSubcontext,141,NO_COVERAGE,none
JndiContext.java,org.seedstack.seed.core.internal.jndi.JndiContext,null,createSubcontext,136,NO_COVERAGE,none
JndiContext.java,org.seedstack.seed.core.internal.jndi.JndiContext,void,destroySubcontext,131,NO_COVERAGE,none
JndiContext.java,org.seedstack.seed.core.internal.jndi.JndiContext,void,destroySubcontext,126,NO_COVERAGE,none
JndiContext.java,org.seedstack.seed.core.internal.jndi.JndiContext,"",getNameInNamespace,196,NO_COVERAGE,none
JndiContext.java,org.seedstack.seed.core.internal.jndi.JndiContext,"A",getNameInNamespace,196,NO_COVERAGE,none
JndiContext.java,org.seedstack.seed.core.internal.jndi.JndiContext,null,getNameInNamespace,196,NO_COVERAGE,none
JndiContext.java,org.seedstack.seed.core.internal.jndi.JndiContext,null,getNameParser,161,NO_COVERAGE,none
JndiContext.java,org.seedstack.seed.core.internal.jndi.JndiContext,null,getNameParser,156,NO_COVERAGE,none
JndiContext.java,org.seedstack.seed.core.internal.jndi.JndiContext,null,list,111,NO_COVERAGE,none
JndiContext.java,org.seedstack.seed.core.internal.jndi.JndiContext,null,list,106,NO_COVERAGE,none
JndiContext.java,org.seedstack.seed.core.internal.jndi.JndiContext,null,listBindings,121,NO_COVERAGE,none
JndiContext.java,org.seedstack.seed.core.internal.jndi.JndiContext,null,listBindings,116,NO_COVERAGE,none
JndiContext.java,org.seedstack.seed.core.internal.jndi.JndiContext,null,lookup,44,NO_COVERAGE,none
JndiContext.java,org.seedstack.seed.core.internal.jndi.JndiContext,null,lookup,39,NO_COVERAGE,none
JndiContext.java,org.seedstack.seed.core.internal.jndi.JndiContext,null,lookupLink,151,NO_COVERAGE,none
JndiContext.java,org.seedstack.seed.core.internal.jndi.JndiContext,null,lookupLink,146,NO_COVERAGE,none
JndiContext.java,org.seedstack.seed.core.internal.jndi.JndiContext,void,rebind,81,NO_COVERAGE,none
JndiContext.java,org.seedstack.seed.core.internal.jndi.JndiContext,void,rebind,76,NO_COVERAGE,none
JndiContext.java,org.seedstack.seed.core.internal.jndi.JndiContext,null,removeFromEnvironment,181,NO_COVERAGE,none
JndiContext.java,org.seedstack.seed.core.internal.jndi.JndiContext,void,rename,101,NO_COVERAGE,none
JndiContext.java,org.seedstack.seed.core.internal.jndi.JndiContext,void,rename,96,NO_COVERAGE,none
JndiContext.java,org.seedstack.seed.core.internal.jndi.JndiContext,void,unbind,91,NO_COVERAGE,none
JndiContext.java,org.seedstack.seed.core.internal.jndi.JndiContext,void,unbind,86,NO_COVERAGE,none
Seed.java,org.seedstack.seed.core.Seed,null,baseConfiguration,266,NO_COVERAGE,none
Seed.java,org.seedstack.seed.core.Seed,null,buildBannerMessage,378,SURVIVED,none
Seed.java,org.seedstack.seed.core.Seed,"",buildWelcomeMessage,393,SURVIVED,none
Seed.java,org.seedstack.seed.core.Seed,"A",buildWelcomeMessage,393,SURVIVED,none
Seed.java,org.seedstack.seed.core.Seed,null,buildWelcomeMessage,393,SURVIVED,none
Seed.java,org.seedstack.seed.core.Seed,void,close,330,NO_COVERAGE,none
Seed.java,org.seedstack.seed.core.Seed,null,createKernel,278,KILLED,org.seedstack.seed.core.LifecycleIT.org.seedstack.seed.core.LifecycleIT
Seed.java,org.seedstack.seed.core.Seed,null,createKernel,295,KILLED,org.seedstack.seed.core.LifecycleIT.org.seedstack.seed.core.LifecycleIT
Seed.java,org.seedstack.seed.core.Seed,void,disableLogs,198,NO_COVERAGE,none
Seed.java,org.seedstack.seed.core.Seed,void,dispose,422,NO_COVERAGE,none
Seed.java,org.seedstack.seed.core.Seed,void,disposeKernel,317,KILLED,org.seedstack.seed.core.LifecycleIT.org.seedstack.seed.core.LifecycleIT
Seed.java,org.seedstack.seed.core.Seed,"",getBanner,405,SURVIVED,none
Seed.java,org.seedstack.seed.core.Seed,"A",getBanner,405,SURVIVED,none
Seed.java,org.seedstack.seed.core.Seed,null,getBanner,405,SURVIVED,none
Seed.java,org.seedstack.seed.core.Seed,null,getInstance,355,KILLED,org.seedstack.seed.core.LifecycleIT.org.seedstack.seed.core.LifecycleIT
Seed.java,org.seedstack.seed.core.Seed,null,getLauncher,208,NO_COVERAGE,none
Seed.java,org.seedstack.seed.core.Seed,null,getToolLauncher,226,NO_COVERAGE,none
Seed.java,org.seedstack.seed.core.Seed,void,markDisposed,373,NO_COVERAGE,none
Seed.java,org.seedstack.seed.core.Seed,void,markInitialized,369,SURVIVED,none
Seed.java,org.seedstack.seed.core.Seed,void,markLifecycleExceptionHandlerEnabled,182,NO_COVERAGE,none
Seed.java,org.seedstack.seed.core.Seed,void,refresh,336,NO_COVERAGE,none
Seed.java,org.seedstack.seed.core.Seed,null,translateException,245,NO_COVERAGE,none
Node.java,org.seedstack.seed.core.internal.configuration.tool.Node,void,addChild,99,NO_COVERAGE,none
Node.java,org.seedstack.seed.core.internal.configuration.tool.Node,"",buildKey,248,NO_COVERAGE,none
Node.java,org.seedstack.seed.core.internal.configuration.tool.Node,"A",buildKey,248,NO_COVERAGE,none
Node.java,org.seedstack.seed.core.internal.configuration.tool.Node,null,buildKey,248,NO_COVERAGE,none
Node.java,org.seedstack.seed.core.internal.configuration.tool.Node,null,buildPropertyInfo,162,NO_COVERAGE,none
Node.java,org.seedstack.seed.core.internal.configuration.tool.Node,0,compareTo,152,NO_COVERAGE,none
Node.java,org.seedstack.seed.core.internal.configuration.tool.Node,1,compareTo,152,NO_COVERAGE,none
Node.java,org.seedstack.seed.core.internal.configuration.tool.Node,false,equals,136,NO_COVERAGE,none
Node.java,org.seedstack.seed.core.internal.configuration.tool.Node,true,equals,136,NO_COVERAGE,none
Node.java,org.seedstack.seed.core.internal.configuration.tool.Node,null,find,123,NO_COVERAGE,none
Node.java,org.seedstack.seed.core.internal.configuration.tool.Node,null,getChild,95,NO_COVERAGE,none
Node.java,org.seedstack.seed.core.internal.configuration.tool.Node,null,getChildren,103,NO_COVERAGE,none
Node.java,org.seedstack.seed.core.internal.configuration.tool.Node,"",getMessage,237,NO_COVERAGE,none
Node.java,org.seedstack.seed.core.internal.configuration.tool.Node,"A",getMessage,237,NO_COVERAGE,none
Node.java,org.seedstack.seed.core.internal.configuration.tool.Node,null,getMessage,237,NO_COVERAGE,none
Node.java,org.seedstack.seed.core.internal.configuration.tool.Node,null,getPropertyInfo,111,NO_COVERAGE,none
Node.java,org.seedstack.seed.core.internal.configuration.tool.Node,null,getResourceBundle,271,NO_COVERAGE,none
Node.java,org.seedstack.seed.core.internal.configuration.tool.Node,false,isNotNull,233,NO_COVERAGE,none
Node.java,org.seedstack.seed.core.internal.configuration.tool.Node,true,isNotNull,233,NO_COVERAGE,none
Node.java,org.seedstack.seed.core.internal.configuration.tool.Node,false,isRootNode,115,NO_COVERAGE,none
Node.java,org.seedstack.seed.core.internal.configuration.tool.Node,true,isRootNode,115,NO_COVERAGE,none
ConfigurationPlugin.java,org.seedstack.seed.core.internal.configuration.ConfigurationPlugin,void,addValue,145,NO_COVERAGE,none
ConfigurationPlugin.java,org.seedstack.seed.core.internal.configuration.ConfigurationPlugin,null,classpathScanRequests,90,KILLED,org.seedstack.seed.core.LifecycleIT.org.seedstack.seed.core.LifecycleIT
ConfigurationPlugin.java,org.seedstack.seed.core.internal.configuration.ConfigurationPlugin,null,collectConfigResources,241,KILLED,org.seedstack.seed.core.internal.configuration.ConfigurationPluginTest.initPluginTest(org.seedstack.seed.core.internal.configuration.ConfigurationPluginTest)
ConfigurationPlugin.java,org.seedstack.seed.core.internal.configuration.ConfigurationPlugin,void,detectConfigurationFiles,173,SURVIVED,none
ConfigurationPlugin.java,org.seedstack.seed.core.internal.configuration.ConfigurationPlugin,void,detectKernelParamConfig,130,SURVIVED,none
ConfigurationPlugin.java,org.seedstack.seed.core.internal.configuration.ConfigurationPlugin,void,detectSystemPropertiesConfig,157,SURVIVED,none
ConfigurationPlugin.java,org.seedstack.seed.core.internal.configuration.ConfigurationPlugin,null,init,101,KILLED,org.seedstack.seed.core.LifecycleIT.org.seedstack.seed.core.LifecycleIT
ConfigurationPlugin.java,org.seedstack.seed.core.internal.configuration.ConfigurationPlugin,false,isJacksonResource,256,SURVIVED,none
ConfigurationPlugin.java,org.seedstack.seed.core.internal.configuration.ConfigurationPlugin,true,isJacksonResource,256,SURVIVED,none
ConfigurationPlugin.java,org.seedstack.seed.core.internal.configuration.ConfigurationPlugin,false,isOverrideResource,249,SURVIVED,none
ConfigurationPlugin.java,org.seedstack.seed.core.internal.configuration.ConfigurationPlugin,true,isOverrideResource,249,SURVIVED,none
ConfigurationPlugin.java,org.seedstack.seed.core.internal.configuration.ConfigurationPlugin,false,isPropertiesResource,262,SURVIVED,none
ConfigurationPlugin.java,org.seedstack.seed.core.internal.configuration.ConfigurationPlugin,true,isPropertiesResource,262,SURVIVED,none
ConfigurationPlugin.java,org.seedstack.seed.core.internal.configuration.ConfigurationPlugin,null,nativeUnitModule,267,KILLED,org.seedstack.seed.core.internal.configuration.ConfigurationPluginTest.verify_nativeUnitModule_instance(org.seedstack.seed.core.internal.configuration.ConfigurationPluginTest)
ConfigurationPlugin.java,org.seedstack.seed.core.internal.configuration.ConfigurationPlugin,"",pluginPackageRoot,79,KILLED,org.seedstack.seed.core.internal.configuration.ConfigurationPluginTest.package_root_should_valid(org.seedstack.seed.core.internal.configuration.ConfigurationPluginTest)
ConfigurationPlugin.java,org.seedstack.seed.core.internal.configuration.ConfigurationPlugin,"A",pluginPackageRoot,79,KILLED,org.seedstack.seed.core.internal.configuration.ConfigurationPluginTest.package_root_should_valid(org.seedstack.seed.core.internal.configuration.ConfigurationPluginTest)
ConfigurationPlugin.java,org.seedstack.seed.core.internal.configuration.ConfigurationPlugin,null,pluginPackageRoot,79,KILLED,org.seedstack.seed.core.internal.configuration.ConfigurationPluginTest.package_root_should_valid(org.seedstack.seed.core.internal.configuration.ConfigurationPluginTest)
ConfigurationPlugin.java,org.seedstack.seed.core.internal.configuration.ConfigurationPlugin,void,provideContainerContext,72,KILLED,org.seedstack.seed.core.LifecycleIT.org.seedstack.seed.core.LifecycleIT
ConfigurationPlugin.java,org.seedstack.seed.core.internal.configuration.ConfigurationPlugin,null,retrieveConfigurationResources,232,KILLED,org.seedstack.seed.core.internal.configuration.ConfigurationPluginTest.initPluginTest(org.seedstack.seed.core.internal.configuration.ConfigurationPluginTest)
ConfigurationPlugin.java,org.seedstack.seed.core.internal.configuration.ConfigurationPlugin,void,start,118,SURVIVED,none
ProxyManager.java,org.seedstack.seed.core.internal.init.ProxyManager,null,buildExclusions,103,SURVIVED,none
ProxyManager.java,org.seedstack.seed.core.internal.init.ProxyManager,null,buildPasswordAuthentication,121,SURVIVED,none
ProxyManager.java,org.seedstack.seed.core.internal.init.ProxyManager,null,buildProxy,114,SURVIVED,none
ProxyManager.java,org.seedstack.seed.core.internal.init.ProxyManager,null,get,39,SURVIVED,none
ProxyManager.java,org.seedstack.seed.core.internal.init.ProxyManager,"",getValue,91,SURVIVED,none
ProxyManager.java,org.seedstack.seed.core.internal.init.ProxyManager,"A",getValue,91,SURVIVED,none
ProxyManager.java,org.seedstack.seed.core.internal.init.ProxyManager,null,getValue,91,SURVIVED,none
ProxyManager.java,org.seedstack.seed.core.internal.init.ProxyManager,void,install,43,SURVIVED,none
ProxyManager.java,org.seedstack.seed.core.internal.init.ProxyManager,null,makePattern,203,NO_COVERAGE,none
ProxyManager.java,org.seedstack.seed.core.internal.init.ProxyManager,null,parseCredentials,135,SURVIVED,none
ProxyManager.java,org.seedstack.seed.core.internal.init.ProxyManager,null,parseProxy,163,SURVIVED,none
ProxyManager.java,org.seedstack.seed.core.internal.init.ProxyManager,void,refresh,86,NO_COVERAGE,none
ProxyManager.java,org.seedstack.seed.core.internal.init.ProxyManager,void,uninstall,77,NO_COVERAGE,none
ValidationModule.java,org.seedstack.seed.core.internal.validation.ValidationModule,void,configure,46,SURVIVED,none
ValidationModule.java,org.seedstack.seed.core.internal.validation.ValidationModule,void,configureDynamicValidation,76,SURVIVED,none
ValidationModule.java,org.seedstack.seed.core.internal.validation.ValidationModule,null,dynamicValidationMatcher,109,KILLED,org.seedstack.seed.core.LifecycleIT.org.seedstack.seed.core.LifecycleIT
ValidationModule.java,org.seedstack.seed.core.internal.validation.ValidationModule,void,enableValidationOnInjectionPoints,70,SURVIVED,none
ValidationModule.java,org.seedstack.seed.core.internal.validation.ValidationModule,false,hasConstraintOrValidAnnotation,138,SURVIVED,none
ValidationModule.java,org.seedstack.seed.core.internal.validation.ValidationModule,true,hasConstraintOrValidAnnotation,138,KILLED,org.seedstack.seed.core.LifecycleIT.org.seedstack.seed.core.LifecycleIT
ValidationModule.java,org.seedstack.seed.core.internal.validation.ValidationModule,false,isDynamicValidationSupported,82,SURVIVED,none
ValidationModule.java,org.seedstack.seed.core.internal.validation.ValidationModule,true,isDynamicValidationSupported,82,SURVIVED,none
ValidationModule.java,org.seedstack.seed.core.internal.validation.ValidationModule,false,shouldValidateParameters,118,SURVIVED,none
ValidationModule.java,org.seedstack.seed.core.internal.validation.ValidationModule,true,shouldValidateParameters,118,KILLED,org.seedstack.seed.core.LifecycleIT.org.seedstack.seed.core.LifecycleIT
ValidationModule.java,org.seedstack.seed.core.internal.validation.ValidationModule,false,shouldValidateReturnType,129,SURVIVED,none
ValidationModule.java,org.seedstack.seed.core.internal.validation.ValidationModule,true,shouldValidateReturnType,129,KILLED,org.seedstack.seed.core.LifecycleIT.org.seedstack.seed.core.LifecycleIT
ValidationModule.java,org.seedstack.seed.core.internal.validation.ValidationModule,null,staticValidationMatcher,92,KILLED,org.seedstack.seed.core.LifecycleIT.org.seedstack.seed.core.LifecycleIT
KeyPairConfigFactory.java,org.seedstack.seed.core.internal.crypto.KeyPairConfigFactory,null,create,30,KILLED,org.seedstack.seed.core.LifecycleIT.org.seedstack.seed.core.LifecycleIT
KeyPairConfigFactory.java,org.seedstack.seed.core.internal.crypto.KeyPairConfigFactory,null,createKeyPairFromAlias,44,KILLED,org.seedstack.seed.core.LifecycleIT.org.seedstack.seed.core.LifecycleIT
KeyPairConfigFactory.java,org.seedstack.seed.core.internal.crypto.KeyPairConfigFactory,null,getAliasConfig,92,SURVIVED,none
KeyPairConfigFactory.java,org.seedstack.seed.core.internal.crypto.KeyPairConfigFactory,"",getLocation,51,SURVIVED,none
KeyPairConfigFactory.java,org.seedstack.seed.core.internal.crypto.KeyPairConfigFactory,"A",getLocation,51,SURVIVED,none
KeyPairConfigFactory.java,org.seedstack.seed.core.internal.crypto.KeyPairConfigFactory,null,getLocation,51,SURVIVED,none
KeyPairConfigFactory.java,org.seedstack.seed.core.internal.crypto.KeyPairConfigFactory,"",getPassword,74,KILLED,org.seedstack.seed.core.LifecycleIT.org.seedstack.seed.core.LifecycleIT
KeyPairConfigFactory.java,org.seedstack.seed.core.internal.crypto.KeyPairConfigFactory,"A",getPassword,74,KILLED,org.seedstack.seed.core.LifecycleIT.org.seedstack.seed.core.LifecycleIT
KeyPairConfigFactory.java,org.seedstack.seed.core.internal.crypto.KeyPairConfigFactory,null,getPassword,74,SURVIVED,none
KeyPairConfigFactory.java,org.seedstack.seed.core.internal.crypto.KeyPairConfigFactory,"",getQualifier,83,SURVIVED,none
KeyPairConfigFactory.java,org.seedstack.seed.core.internal.crypto.KeyPairConfigFactory,"A",getQualifier,83,SURVIVED,none
KeyPairConfigFactory.java,org.seedstack.seed.core.internal.crypto.KeyPairConfigFactory,null,getQualifier,83,SURVIVED,none
ApplicationImpl.java,org.seedstack.seed.core.internal.configuration.ApplicationImpl,null,configureLocalStorage,111,SURVIVED,none
ApplicationImpl.java,org.seedstack.seed.core.internal.configuration.ApplicationImpl,void,ensureWritableDirectory,122,NO_COVERAGE,none
ApplicationImpl.java,org.seedstack.seed.core.internal.configuration.ApplicationImpl,empty,getArguments,106,NO_COVERAGE,none
ApplicationImpl.java,org.seedstack.seed.core.internal.configuration.ApplicationImpl,null,getArguments,106,NO_COVERAGE,none
ApplicationImpl.java,org.seedstack.seed.core.internal.configuration.ApplicationImpl,null,getConfiguration,84,NO_COVERAGE,none
ApplicationImpl.java,org.seedstack.seed.core.internal.configuration.ApplicationImpl,null,getKernelParameters,101,NO_COVERAGE,none
ApplicationImpl.java,org.seedstack.seed.core.internal.configuration.ApplicationImpl,null,getStorageLocation,62,NO_COVERAGE,none
ApplicationImpl.java,org.seedstack.seed.core.internal.configuration.ApplicationImpl,false,isStorageEnabled,73,NO_COVERAGE,none
ApplicationImpl.java,org.seedstack.seed.core.internal.configuration.ApplicationImpl,true,isStorageEnabled,73,NO_COVERAGE,none
ApplicationImpl.java,org.seedstack.seed.core.internal.configuration.ApplicationImpl,"",substituteWithConfiguration,96,NO_COVERAGE,none
ApplicationImpl.java,org.seedstack.seed.core.internal.configuration.ApplicationImpl,"A",substituteWithConfiguration,96,NO_COVERAGE,none
ApplicationImpl.java,org.seedstack.seed.core.internal.configuration.ApplicationImpl,null,substituteWithConfiguration,96,NO_COVERAGE,none
AutoCloseableMatcher.java,org.seedstack.seed.core.internal.lifecycle.AutoCloseableMatcher$AutoCloseableScopingVisitor,false,visitEagerSingleton,32,SURVIVED,none
AutoCloseableMatcher.java,org.seedstack.seed.core.internal.lifecycle.AutoCloseableMatcher$AutoCloseableScopingVisitor,null,visitEagerSingleton,32,KILLED,org.seedstack.seed.core.LifecycleIT.org.seedstack.seed.core.LifecycleIT
AutoCloseableMatcher.java,org.seedstack.seed.core.internal.lifecycle.AutoCloseableMatcher$AutoCloseableScopingVisitor,true,visitEagerSingleton,32,SURVIVED,none
AutoCloseableMatcher.java,org.seedstack.seed.core.internal.lifecycle.AutoCloseableMatcher$AutoCloseableScopingVisitor,false,visitNoScoping,48,NO_COVERAGE,none
AutoCloseableMatcher.java,org.seedstack.seed.core.internal.lifecycle.AutoCloseableMatcher$AutoCloseableScopingVisitor,null,visitNoScoping,48,NO_COVERAGE,none
AutoCloseableMatcher.java,org.seedstack.seed.core.internal.lifecycle.AutoCloseableMatcher$AutoCloseableScopingVisitor,true,visitNoScoping,48,NO_COVERAGE,none
AutoCloseableMatcher.java,org.seedstack.seed.core.internal.lifecycle.AutoCloseableMatcher$AutoCloseableScopingVisitor,false,visitScope,37,KILLED,org.seedstack.seed.core.LifecycleIT.org.seedstack.seed.core.LifecycleIT
AutoCloseableMatcher.java,org.seedstack.seed.core.internal.lifecycle.AutoCloseableMatcher$AutoCloseableScopingVisitor,null,visitScope,37,KILLED,org.seedstack.seed.core.LifecycleIT.org.seedstack.seed.core.LifecycleIT
AutoCloseableMatcher.java,org.seedstack.seed.core.internal.lifecycle.AutoCloseableMatcher$AutoCloseableScopingVisitor,true,visitScope,37,SURVIVED,none
AutoCloseableMatcher.java,org.seedstack.seed.core.internal.lifecycle.AutoCloseableMatcher$AutoCloseableScopingVisitor,false,visitScopeAnnotation,42,NO_COVERAGE,none
AutoCloseableMatcher.java,org.seedstack.seed.core.internal.lifecycle.AutoCloseableMatcher$AutoCloseableScopingVisitor,null,visitScopeAnnotation,42,NO_COVERAGE,none
AutoCloseableMatcher.java,org.seedstack.seed.core.internal.lifecycle.AutoCloseableMatcher$AutoCloseableScopingVisitor,true,visitScopeAnnotation,42,NO_COVERAGE,none
ConsoleManager.java,org.seedstack.seed.core.internal.init.ConsoleManager,null,ansiOutput,85,KILLED,org.seedstack.seed.core.LifecycleIT.org.seedstack.seed.core.LifecycleIT
ConsoleManager.java,org.seedstack.seed.core.internal.init.ConsoleManager,null,basicOutput,81,NO_COVERAGE,none
ConsoleManager.java,org.seedstack.seed.core.internal.init.ConsoleManager,null,get,30,KILLED,org.seedstack.seed.core.LifecycleIT.org.seedstack.seed.core.LifecycleIT
ConsoleManager.java,org.seedstack.seed.core.internal.init.ConsoleManager,void,install,34,KILLED,org.seedstack.seed.core.LifecycleIT.org.seedstack.seed.core.LifecycleIT
ConsoleManager.java,org.seedstack.seed.core.internal.init.ConsoleManager,false,isIntelliJ,96,NO_COVERAGE,none
ConsoleManager.java,org.seedstack.seed.core.internal.init.ConsoleManager,true,isIntelliJ,96,NO_COVERAGE,none
ConsoleManager.java,org.seedstack.seed.core.internal.init.ConsoleManager,false,isXtermColor,89,KILLED,org.seedstack.seed.core.LifecycleIT.org.seedstack.seed.core.LifecycleIT
ConsoleManager.java,org.seedstack.seed.core.internal.init.ConsoleManager,true,isXtermColor,89,KILLED,org.seedstack.seed.core.LifecycleIT.org.seedstack.seed.core.LifecycleIT
ConsoleManager.java,org.seedstack.seed.core.internal.init.ConsoleManager,void,uninstall,39,NO_COVERAGE,none
ConsoleManager.java,org.seedstack.seed.core.internal.init.ConsoleManager,null,wrapPrintStream,46,KILLED,org.seedstack.seed.core.LifecycleIT.org.seedstack.seed.core.LifecycleIT
ErrorCodePrinter.java,org.seedstack.seed.core.internal.diagnostic.tool.ErrorCodePrinter,"",formatCamelCase,86,NO_COVERAGE,none
ErrorCodePrinter.java,org.seedstack.seed.core.internal.diagnostic.tool.ErrorCodePrinter,"A",formatCamelCase,86,NO_COVERAGE,none
ErrorCodePrinter.java,org.seedstack.seed.core.internal.diagnostic.tool.ErrorCodePrinter,null,formatCamelCase,86,NO_COVERAGE,none
ErrorCodePrinter.java,org.seedstack.seed.core.internal.diagnostic.tool.ErrorCodePrinter,"",getTemplate,92,NO_COVERAGE,none
ErrorCodePrinter.java,org.seedstack.seed.core.internal.diagnostic.tool.ErrorCodePrinter,"A",getTemplate,92,NO_COVERAGE,none
ErrorCodePrinter.java,org.seedstack.seed.core.internal.diagnostic.tool.ErrorCodePrinter,null,getTemplate,92,NO_COVERAGE,none
ErrorCodePrinter.java,org.seedstack.seed.core.internal.diagnostic.tool.ErrorCodePrinter,"",getTitle,78,NO_COVERAGE,none
ErrorCodePrinter.java,org.seedstack.seed.core.internal.diagnostic.tool.ErrorCodePrinter,"A",getTitle,78,NO_COVERAGE,none
ErrorCodePrinter.java,org.seedstack.seed.core.internal.diagnostic.tool.ErrorCodePrinter,null,getTitle,78,NO_COVERAGE,none
ErrorCodePrinter.java,org.seedstack.seed.core.internal.diagnostic.tool.ErrorCodePrinter,void,print,43,NO_COVERAGE,none
ELPlugin.java,org.seedstack.seed.core.internal.el.ELPlugin,null,classpathScanRequests,110,KILLED,org.seedstack.seed.core.LifecycleIT.org.seedstack.seed.core.LifecycleIT
ELPlugin.java,org.seedstack.seed.core.internal.el.ELPlugin,null,getExpressionFactory,68,NO_COVERAGE,none
ELPlugin.java,org.seedstack.seed.core.internal.el.ELPlugin,null,initialize,116,KILLED,org.seedstack.seed.core.LifecycleIT.org.seedstack.seed.core.LifecycleIT
ELPlugin.java,org.seedstack.seed.core.internal.el.ELPlugin,false,isEnabled,56,KILLED,org.seedstack.seed.core.LifecycleIT.org.seedstack.seed.core.LifecycleIT
ELPlugin.java,org.seedstack.seed.core.internal.el.ELPlugin,true,isEnabled,56,SURVIVED,none
ELPlugin.java,org.seedstack.seed.core.internal.el.ELPlugin,false,isFunctionMappingAvailable,64,NO_COVERAGE,none
ELPlugin.java,org.seedstack.seed.core.internal.el.ELPlugin,true,isFunctionMappingAvailable,64,NO_COVERAGE,none
ELPlugin.java,org.seedstack.seed.core.internal.el.ELPlugin,false,isLevel3,60,NO_COVERAGE,none
ELPlugin.java,org.seedstack.seed.core.internal.el.ELPlugin,true,isLevel3,60,NO_COVERAGE,none
ELPlugin.java,org.seedstack.seed.core.internal.el.ELPlugin,null,run,100,NO_COVERAGE,none
CommandDefinition.java,org.seedstack.seed.core.internal.command.CommandDefinition,void,addArgumentField,42,SURVIVED,none
CommandDefinition.java,org.seedstack.seed.core.internal.command.CommandDefinition,void,addOptionField,38,SURVIVED,none
CommandDefinition.java,org.seedstack.seed.core.internal.command.CommandDefinition,0,compareTo,87,NO_COVERAGE,none
CommandDefinition.java,org.seedstack.seed.core.internal.command.CommandDefinition,1,compareTo,87,NO_COVERAGE,none
CommandDefinition.java,org.seedstack.seed.core.internal.command.CommandDefinition,false,equals,92,NO_COVERAGE,none
CommandDefinition.java,org.seedstack.seed.core.internal.command.CommandDefinition,true,equals,92,NO_COVERAGE,none
CommandDefinition.java,org.seedstack.seed.core.internal.command.CommandDefinition,"",getQualifiedName,65,SURVIVED,none
CommandDefinition.java,org.seedstack.seed.core.internal.command.CommandDefinition,"A",getQualifiedName,65,SURVIVED,none
CommandDefinition.java,org.seedstack.seed.core.internal.command.CommandDefinition,null,getQualifiedName,65,KILLED,org.seedstack.seed.core.LifecycleIT.org.seedstack.seed.core.LifecycleIT
AvailablePortFunctionHolder.java,org.seedstack.seed.core.internal.configuration.AvailablePortFunctionHolder,0,availableTcpPort,27,NO_COVERAGE,none
AvailablePortFunctionHolder.java,org.seedstack.seed.core.internal.configuration.AvailablePortFunctionHolder,1,availableTcpPort,27,NO_COVERAGE,none
AvailablePortFunctionHolder.java,org.seedstack.seed.core.internal.configuration.AvailablePortFunctionHolder,0,availableUdpPort,40,NO_COVERAGE,none
AvailablePortFunctionHolder.java,org.seedstack.seed.core.internal.configuration.AvailablePortFunctionHolder,1,availableUdpPort,40,NO_COVERAGE,none
AvailablePortFunctionHolder.java,org.seedstack.seed.core.internal.configuration.AvailablePortFunctionHolder,false,isTcpPortAvailable,52,NO_COVERAGE,none
AvailablePortFunctionHolder.java,org.seedstack.seed.core.internal.configuration.AvailablePortFunctionHolder,true,isTcpPortAvailable,52,NO_COVERAGE,none
AvailablePortFunctionHolder.java,org.seedstack.seed.core.internal.configuration.AvailablePortFunctionHolder,false,isUdpPortAvailable,62,NO_COVERAGE,none
AvailablePortFunctionHolder.java,org.seedstack.seed.core.internal.configuration.AvailablePortFunctionHolder,true,isUdpPortAvailable,62,NO_COVERAGE,none
ConfigTool.java,org.seedstack.seed.core.internal.configuration.tool.ConfigTool,void,buildTree,91,NO_COVERAGE,none
ConfigTool.java,org.seedstack.seed.core.internal.configuration.tool.ConfigTool,0,call,62,NO_COVERAGE,none
ConfigTool.java,org.seedstack.seed.core.internal.configuration.tool.ConfigTool,1,call,62,NO_COVERAGE,none
ConfigTool.java,org.seedstack.seed.core.internal.configuration.tool.ConfigTool,null,call,62,NO_COVERAGE,none
ConfigTool.java,org.seedstack.seed.core.internal.configuration.tool.ConfigTool,null,classpathScanRequests,45,NO_COVERAGE,none
ConfigTool.java,org.seedstack.seed.core.internal.configuration.tool.ConfigTool,void,info,77,NO_COVERAGE,none
ConfigTool.java,org.seedstack.seed.core.internal.configuration.tool.ConfigTool,null,initialize,52,NO_COVERAGE,none
ConfigTool.java,org.seedstack.seed.core.internal.configuration.tool.ConfigTool,void,setup,40,NO_COVERAGE,none
PBKDF2HashingService.java,org.seedstack.seed.core.internal.crypto.PBKDF2HashingService,null,createHash,29,KILLED,org.seedstack.seed.core.internal.crypto.PBKDF2HashingSupportTest.testSomeHashings(org.seedstack.seed.core.internal.crypto.PBKDF2HashingSupportTest)
PBKDF2HashingService.java,org.seedstack.seed.core.internal.crypto.PBKDF2HashingService,null,createHash,35,KILLED,org.seedstack.seed.core.internal.crypto.PBKDF2HashingSupportTest.testSomeHashings(org.seedstack.seed.core.internal.crypto.PBKDF2HashingSupportTest)
PBKDF2HashingService.java,org.seedstack.seed.core.internal.crypto.PBKDF2HashingService,empty,pbkdf2,68,KILLED,org.seedstack.seed.core.internal.crypto.PBKDF2HashingSupportTest.testSomeHashings(org.seedstack.seed.core.internal.crypto.PBKDF2HashingSupportTest)
PBKDF2HashingService.java,org.seedstack.seed.core.internal.crypto.PBKDF2HashingService,null,pbkdf2,68,KILLED,org.seedstack.seed.core.internal.crypto.PBKDF2HashingSupportTest.testSomeHashings(org.seedstack.seed.core.internal.crypto.PBKDF2HashingSupportTest)
PBKDF2HashingService.java,org.seedstack.seed.core.internal.crypto.PBKDF2HashingService,false,validatePassword,48,KILLED,org.seedstack.seed.core.internal.crypto.PBKDF2HashingSupportTest.testSomeHashings(org.seedstack.seed.core.internal.crypto.PBKDF2HashingSupportTest)
PBKDF2HashingService.java,org.seedstack.seed.core.internal.crypto.PBKDF2HashingService,true,validatePassword,48,KILLED,org.seedstack.seed.core.internal.crypto.PBKDF2HashingSupportTest.testSomeHashings(org.seedstack.seed.core.internal.crypto.PBKDF2HashingSupportTest)
PBKDF2HashingService.java,org.seedstack.seed.core.internal.crypto.PBKDF2HashingService,false,validatePassword,54,KILLED,org.seedstack.seed.core.internal.crypto.PBKDF2HashingSupportTest.testSomeHashings(org.seedstack.seed.core.internal.crypto.PBKDF2HashingSupportTest)
PBKDF2HashingService.java,org.seedstack.seed.core.internal.crypto.PBKDF2HashingService,true,validatePassword,54,KILLED,org.seedstack.seed.core.internal.crypto.PBKDF2HashingSupportTest.testSomeHashings(org.seedstack.seed.core.internal.crypto.PBKDF2HashingSupportTest)
DiagnosticManagerImpl.java,org.seedstack.seed.core.internal.diagnostic.DiagnosticManagerImpl,void,buildExceptionInfo,103,NO_COVERAGE,none
DiagnosticManagerImpl.java,org.seedstack.seed.core.internal.diagnostic.DiagnosticManagerImpl,null,buildMemoryInfo,179,NO_COVERAGE,none
DiagnosticManagerImpl.java,org.seedstack.seed.core.internal.diagnostic.DiagnosticManagerImpl,null,buildSystemPropertiesList,175,NO_COVERAGE,none
DiagnosticManagerImpl.java,org.seedstack.seed.core.internal.diagnostic.DiagnosticManagerImpl,null,buildThreadList,148,NO_COVERAGE,none
DiagnosticManagerImpl.java,org.seedstack.seed.core.internal.diagnostic.DiagnosticManagerImpl,null,collectAllDiagnostics,83,NO_COVERAGE,none
DiagnosticManagerImpl.java,org.seedstack.seed.core.internal.diagnostic.DiagnosticManagerImpl,null,collectSystemInfo,129,NO_COVERAGE,none
DiagnosticManagerImpl.java,org.seedstack.seed.core.internal.diagnostic.DiagnosticManagerImpl,void,dumpDiagnosticReport,70,NO_COVERAGE,none
DiagnosticManagerImpl.java,org.seedstack.seed.core.internal.diagnostic.DiagnosticManagerImpl,void,registerDiagnosticInfoCollector,79,SURVIVED,none
PrioritizedProvider.java,org.seedstack.seed.core.internal.configuration.PrioritizedProvider,null,fork,78,KILLED,org.seedstack.seed.core.LifecycleIT.org.seedstack.seed.core.LifecycleIT
PrioritizedProvider.java,org.seedstack.seed.core.internal.configuration.PrioritizedProvider,void,initialize,52,KILLED,org.seedstack.seed.core.LifecycleIT.org.seedstack.seed.core.LifecycleIT
PrioritizedProvider.java,org.seedstack.seed.core.internal.configuration.PrioritizedProvider,void,invalidate,64,NO_COVERAGE,none
PrioritizedProvider.java,org.seedstack.seed.core.internal.configuration.PrioritizedProvider,false,isDirty,58,KILLED,org.seedstack.seed.core.LifecycleIT.org.seedstack.seed.core.LifecycleIT
PrioritizedProvider.java,org.seedstack.seed.core.internal.configuration.PrioritizedProvider,true,isDirty,58,KILLED,org.seedstack.seed.core.LifecycleIT.org.seedstack.seed.core.LifecycleIT
PrioritizedProvider.java,org.seedstack.seed.core.internal.configuration.PrioritizedProvider,null,provide,32,KILLED,org.seedstack.seed.core.LifecycleIT.org.seedstack.seed.core.LifecycleIT
PrioritizedProvider.java,org.seedstack.seed.core.internal.configuration.PrioritizedProvider,null,registerProvider,88,KILLED,org.seedstack.seed.core.LifecycleIT.org.seedstack.seed.core.LifecycleIT
PrioritizedProvider.java,org.seedstack.seed.core.internal.configuration.PrioritizedProvider,null,watchers,70,KILLED,org.seedstack.seed.core.LifecycleIT.org.seedstack.seed.core.LifecycleIT
BindingUtils.java,org.seedstack.seed.core.internal.guice.BindingUtils,null,cleanProxy,189,NO_COVERAGE,none
BindingUtils.java,org.seedstack.seed.core.internal.guice.BindingUtils,false,isBindable,145,KILLED,org.seedstack.seed.core.internal.guice.BindingUtilsTest.binding_definitions_on_injectee_with_raw_type_should_work(org.seedstack.seed.core.internal.guice.BindingUtilsTest)
BindingUtils.java,org.seedstack.seed.core.internal.guice.BindingUtils,true,isBindable,145,SURVIVED,none
BindingUtils.java,org.seedstack.seed.core.internal.guice.BindingUtils,false,isProxy,179,NO_COVERAGE,none
BindingUtils.java,org.seedstack.seed.core.internal.guice.BindingUtils,true,isProxy,179,NO_COVERAGE,none
BindingUtils.java,org.seedstack.seed.core.internal.guice.BindingUtils,null,resolveBindingDefinitions,81,KILLED,org.seedstack.seed.core.internal.guice.BindingUtilsTest.binding_definitions_on_injectee_with_raw_type_should_work(org.seedstack.seed.core.internal.guice.BindingUtilsTest)
BindingUtils.java,org.seedstack.seed.core.internal.guice.BindingUtils,null,resolveBindingDefinitions,132,NO_COVERAGE,none
BindingUtils.java,org.seedstack.seed.core.internal.guice.BindingUtils,null,resolveKey,162,NO_COVERAGE,none
KernelManager.java,org.seedstack.seed.core.internal.init.KernelManager,null,createKernel,88,KILLED,org.seedstack.seed.core.LifecycleIT.org.seedstack.seed.core.LifecycleIT
KernelManager.java,org.seedstack.seed.core.internal.init.KernelManager,null,createKernel,62,KILLED,org.seedstack.seed.core.LifecycleIT.org.seedstack.seed.core.LifecycleIT
KernelManager.java,org.seedstack.seed.core.internal.init.KernelManager,void,disposeKernel,78,KILLED,org.seedstack.seed.core.LifecycleIT.org.seedstack.seed.core.LifecycleIT
KernelManager.java,org.seedstack.seed.core.internal.init.KernelManager,null,get,58,SURVIVED,none
KernelManager.java,org.seedstack.seed.core.internal.init.KernelManager,"",getApplicationName,119,SURVIVED,none
KernelManager.java,org.seedstack.seed.core.internal.init.KernelManager,"A",getApplicationName,119,SURVIVED,none
KernelManager.java,org.seedstack.seed.core.internal.init.KernelManager,null,getApplicationName,119,SURVIVED,none
SeedRuntime.java,org.seedstack.seed.core.SeedRuntime,null,builder,60,KILLED,org.seedstack.seed.core.LifecycleIT.org.seedstack.seed.core.LifecycleIT
SeedRuntime.java,org.seedstack.seed.core.SeedRuntime,void,checkConsistency,108,SURVIVED,none
SeedRuntime.java,org.seedstack.seed.core.SeedRuntime,null,contextAs,64,SURVIVED,none
SeedRuntime.java,org.seedstack.seed.core.SeedRuntime,void,registerConfigurationProvider,80,SURVIVED,none
SeedRuntime.java,org.seedstack.seed.core.SeedRuntime,void,setDefaultConfiguration,84,NO_COVERAGE,none
SeedRuntime.java,org.seedstack.seed.core.SeedRuntime,void,setDefaultConfiguration,92,NO_COVERAGE,none
SeedRuntime.java,org.seedstack.seed.core.SeedRuntime,void,setDefaultConfiguration,88,NO_COVERAGE,none
CommandRegistryImpl.java,org.seedstack.seed.core.internal.command.CommandRegistryImpl,"",buildQualifiedName,184,NO_COVERAGE,none
CommandRegistryImpl.java,org.seedstack.seed.core.internal.command.CommandRegistryImpl,"A",buildQualifiedName,184,NO_COVERAGE,none
CommandRegistryImpl.java,org.seedstack.seed.core.internal.command.CommandRegistryImpl,null,buildQualifiedName,184,NO_COVERAGE,none
CommandRegistryImpl.java,org.seedstack.seed.core.internal.command.CommandRegistryImpl,null,createCommand,92,NO_COVERAGE,none
CommandRegistryImpl.java,org.seedstack.seed.core.internal.command.CommandRegistryImpl,null,getArgumentsInfo,61,NO_COVERAGE,none
CommandRegistryImpl.java,org.seedstack.seed.core.internal.command.CommandRegistryImpl,null,getCommandInfo,79,NO_COVERAGE,none
CommandRegistryImpl.java,org.seedstack.seed.core.internal.command.CommandRegistryImpl,null,getOptionsInfo,43,NO_COVERAGE,none
AbstractSeedPlugin.java,org.seedstack.seed.core.internal.AbstractSeedPlugin,null,dependencies,52,KILLED,org.seedstack.seed.core.internal.transaction.TransactionPluginTest.requiredPluginsTest(org.seedstack.seed.core.internal.transaction.TransactionPluginTest)
AbstractSeedPlugin.java,org.seedstack.seed.core.internal.AbstractSeedPlugin,null,getApplication,56,KILLED,org.seedstack.seed.core.internal.transaction.TransactionPluginTest.initTransactionPluginTest1(org.seedstack.seed.core.internal.transaction.TransactionPluginTest)
AbstractSeedPlugin.java,org.seedstack.seed.core.internal.AbstractSeedPlugin,null,getConfiguration,63,KILLED,org.seedstack.seed.core.internal.transaction.TransactionPluginTest.initTransactionPluginTest1(org.seedstack.seed.core.internal.transaction.TransactionPluginTest)
AbstractSeedPlugin.java,org.seedstack.seed.core.internal.AbstractSeedPlugin,null,getConfiguration,67,KILLED,org.seedstack.seed.core.internal.transaction.TransactionPluginTest.initTransactionPluginTest1(org.seedstack.seed.core.internal.transaction.TransactionPluginTest)
AbstractSeedPlugin.java,org.seedstack.seed.core.internal.AbstractSeedPlugin,null,init,40,KILLED,org.seedstack.seed.core.internal.transaction.TransactionPluginTest.initTransactionPluginTest1(org.seedstack.seed.core.internal.transaction.TransactionPluginTest)
AbstractSeedPlugin.java,org.seedstack.seed.core.internal.AbstractSeedPlugin,void,provideContainerContext,28,KILLED,org.seedstack.seed.core.LifecycleIT.org.seedstack.seed.core.LifecycleIT
AbstractSeedPlugin.java,org.seedstack.seed.core.internal.AbstractSeedPlugin,null,requiredPlugins,33,KILLED,org.seedstack.seed.core.internal.transaction.TransactionPluginTest.requiredPluginsTest(org.seedstack.seed.core.internal.transaction.TransactionPluginTest)
AbstractTransactionManager.java,org.seedstack.seed.core.internal.transaction.AbstractTransactionManager,empty,asExceptions,192,KILLED,org.seedstack.seed.core.internal.transaction.LocalTransactionManagerTest.can_read_jta_transactional(org.seedstack.seed.core.internal.transaction.LocalTransactionManagerTest)
AbstractTransactionManager.java,org.seedstack.seed.core.internal.transaction.AbstractTransactionManager,null,asExceptions,192,KILLED,org.seedstack.seed.core.internal.transaction.LocalTransactionManagerTest.can_read_jta_transactional(org.seedstack.seed.core.internal.transaction.LocalTransactionManagerTest)
AbstractTransactionManager.java,org.seedstack.seed.core.internal.transaction.AbstractTransactionManager,null,defaultTransactionMetadata,160,KILLED,org.seedstack.seed.core.internal.transaction.LocalTransactionManagerTest.can_read_seed_transactional(org.seedstack.seed.core.internal.transaction.LocalTransactionManagerTest)
AbstractTransactionManager.java,org.seedstack.seed.core.internal.transaction.AbstractTransactionManager,void,doHandleException,90,KILLED,org.seedstack.seed.core.internal.transaction.LocalTransactionManagerTest.exception_handler_can_mask_exception(org.seedstack.seed.core.internal.transaction.LocalTransactionManagerTest)
AbstractTransactionManager.java,org.seedstack.seed.core.internal.transaction.AbstractTransactionManager,null,doInvocation,76,KILLED,org.seedstack.seed.core.internal.transaction.LocalTransactionManagerTest.error_always_results_in_rollback(org.seedstack.seed.core.internal.transaction.LocalTransactionManagerTest)
AbstractTransactionManager.java,org.seedstack.seed.core.internal.transaction.AbstractTransactionManager,null,getTransactionHandler,173,KILLED,org.seedstack.seed.core.internal.transaction.LocalTransactionManagerTest.propagation_mandatory_without_transaction(org.seedstack.seed.core.internal.transaction.LocalTransactionManagerTest)
AbstractTransactionManager.java,org.seedstack.seed.core.internal.transaction.AbstractTransactionManager,null,readTransactionMetadata,129,KILLED,org.seedstack.seed.core.internal.transaction.LocalTransactionManagerTest.can_read_seed_transactional(org.seedstack.seed.core.internal.transaction.LocalTransactionManagerTest)
ArgumentDefinition.java,org.seedstack.seed.core.internal.command.ArgumentDefinition,0,compareTo,53,NO_COVERAGE,none
ArgumentDefinition.java,org.seedstack.seed.core.internal.command.ArgumentDefinition,1,compareTo,53,NO_COVERAGE,none
ArgumentDefinition.java,org.seedstack.seed.core.internal.command.ArgumentDefinition,false,equals,58,NO_COVERAGE,none
ArgumentDefinition.java,org.seedstack.seed.core.internal.command.ArgumentDefinition,true,equals,58,NO_COVERAGE,none
ArgumentDefinition.java,org.seedstack.seed.core.internal.command.ArgumentDefinition,"",getName,32,NO_COVERAGE,none
ArgumentDefinition.java,org.seedstack.seed.core.internal.command.ArgumentDefinition,"A",getName,32,NO_COVERAGE,none
ArgumentDefinition.java,org.seedstack.seed.core.internal.command.ArgumentDefinition,null,getName,32,NO_COVERAGE,none
SeedRuntime.java,org.seedstack.seed.core.SeedRuntime$Builder,null,build,165,KILLED,org.seedstack.seed.core.LifecycleIT.org.seedstack.seed.core.LifecycleIT
SeedRuntime.java,org.seedstack.seed.core.SeedRuntime$Builder,null,businessVersion,160,KILLED,org.seedstack.seed.core.LifecycleIT.org.seedstack.seed.core.LifecycleIT
SeedRuntime.java,org.seedstack.seed.core.SeedRuntime$Builder,null,configuration,140,KILLED,org.seedstack.seed.core.LifecycleIT.org.seedstack.seed.core.LifecycleIT
SeedRuntime.java,org.seedstack.seed.core.SeedRuntime$Builder,null,context,135,KILLED,org.seedstack.seed.core.LifecycleIT.org.seedstack.seed.core.LifecycleIT
SeedRuntime.java,org.seedstack.seed.core.SeedRuntime$Builder,null,diagnosticManager,145,KILLED,org.seedstack.seed.core.LifecycleIT.org.seedstack.seed.core.LifecycleIT
SeedRuntime.java,org.seedstack.seed.core.SeedRuntime$Builder,null,validatorFactory,150,KILLED,org.seedstack.seed.core.LifecycleIT.org.seedstack.seed.core.LifecycleIT
SeedRuntime.java,org.seedstack.seed.core.SeedRuntime$Builder,null,version,155,KILLED,org.seedstack.seed.core.LifecycleIT.org.seedstack.seed.core.LifecycleIT
EncryptionServiceFactory.java,org.seedstack.seed.core.internal.crypto.EncryptionServiceFactory,null,create,93,NO_COVERAGE,none
EncryptionServiceFactory.java,org.seedstack.seed.core.internal.crypto.EncryptionServiceFactory,null,create,65,KILLED,org.seedstack.seed.core.LifecycleIT.org.seedstack.seed.core.LifecycleIT
EncryptionServiceFactory.java,org.seedstack.seed.core.internal.crypto.EncryptionServiceFactory,"",getCertificateLocation,120,KILLED,org.seedstack.seed.core.LifecycleIT.org.seedstack.seed.core.LifecycleIT
EncryptionServiceFactory.java,org.seedstack.seed.core.internal.crypto.EncryptionServiceFactory,"A",getCertificateLocation,120,KILLED,org.seedstack.seed.core.LifecycleIT.org.seedstack.seed.core.LifecycleIT
EncryptionServiceFactory.java,org.seedstack.seed.core.internal.crypto.EncryptionServiceFactory,null,getCertificateLocation,120,SURVIVED,none
EncryptionServiceFactory.java,org.seedstack.seed.core.internal.crypto.EncryptionServiceFactory,null,getPublicKey,100,SURVIVED,none
EncryptionServiceFactory.java,org.seedstack.seed.core.internal.crypto.EncryptionServiceFactory,null,loadCertificateFromFile,143,SURVIVED,none
ELServiceInternal.java,org.seedstack.seed.core.internal.el.ELServiceInternal$ELInstance,null,asMethodExpression,101,NO_COVERAGE,none
ELServiceInternal.java,org.seedstack.seed.core.internal.el.ELServiceInternal$ELInstance,null,asValueExpression,90,NO_COVERAGE,none
ELServiceInternal.java,org.seedstack.seed.core.internal.el.ELServiceInternal$ELInstance,null,eval,109,NO_COVERAGE,none
ELServiceInternal.java,org.seedstack.seed.core.internal.el.ELServiceInternal$ELInstance,null,invoke,122,NO_COVERAGE,none
ELServiceInternal.java,org.seedstack.seed.core.internal.el.ELServiceInternal$ELInstance,null,withContext,73,NO_COVERAGE,none
ELServiceInternal.java,org.seedstack.seed.core.internal.el.ELServiceInternal$ELInstance,null,withDefaultContext,79,NO_COVERAGE,none
LifecyclePlugin.java,org.seedstack.seed.core.internal.lifecycle.LifecyclePlugin,null,classpathScanRequests,49,KILLED,org.seedstack.seed.core.LifecycleIT.org.seedstack.seed.core.LifecycleIT
LifecyclePlugin.java,org.seedstack.seed.core.internal.lifecycle.LifecyclePlugin,null,initialize,55,KILLED,org.seedstack.seed.core.LifecycleIT.org.seedstack.seed.core.LifecycleIT
LifecyclePlugin.java,org.seedstack.seed.core.internal.lifecycle.LifecyclePlugin,null,nativeUnitModule,67,KILLED,org.seedstack.seed.core.LifecycleIT.org.seedstack.seed.core.LifecycleIT
LifecyclePlugin.java,org.seedstack.seed.core.internal.lifecycle.LifecyclePlugin,void,registerAutoCloseable,117,KILLED,org.seedstack.seed.core.LifecycleIT.org.seedstack.seed.core.LifecycleIT
LifecyclePlugin.java,org.seedstack.seed.core.internal.lifecycle.LifecyclePlugin,void,started,72,KILLED,org.seedstack.seed.core.LifecycleIT.org.seedstack.seed.core.LifecycleIT
LifecyclePlugin.java,org.seedstack.seed.core.internal.lifecycle.LifecyclePlugin,void,stopping,90,KILLED,org.seedstack.seed.core.LifecycleIT.org.seedstack.seed.core.LifecycleIT
CorePlugin.java,org.seedstack.seed.core.internal.CorePlugin,null,classpathScanRequests,53,KILLED,org.seedstack.seed.core.LifecycleIT.org.seedstack.seed.core.LifecycleIT
CorePlugin.java,org.seedstack.seed.core.internal.CorePlugin,void,detectBindings,89,SURVIVED,none
CorePlugin.java,org.seedstack.seed.core.internal.CorePlugin,void,detectModules,75,KILLED,org.seedstack.seed.core.LifecycleIT.org.seedstack.seed.core.LifecycleIT
CorePlugin.java,org.seedstack.seed.core.internal.CorePlugin,null,initialize,62,TIMED_OUT,none
CorePlugin.java,org.seedstack.seed.core.internal.CorePlugin,null,nativeOverridingUnitModule,116,KILLED,org.seedstack.seed.core.LifecycleIT.org.seedstack.seed.core.LifecycleIT
CorePlugin.java,org.seedstack.seed.core.internal.CorePlugin,null,nativeUnitModule,107,KILLED,org.seedstack.seed.core.LifecycleIT.org.seedstack.seed.core.LifecycleIT
EncryptionServiceImpl.java,org.seedstack.seed.core.internal.crypto.EncryptionServiceImpl,empty,decrypt,44,KILLED,org.seedstack.seed.core.LifecycleIT.org.seedstack.seed.core.LifecycleIT
EncryptionServiceImpl.java,org.seedstack.seed.core.internal.crypto.EncryptionServiceImpl,null,decrypt,44,KILLED,org.seedstack.seed.core.LifecycleIT.org.seedstack.seed.core.LifecycleIT
EncryptionServiceImpl.java,org.seedstack.seed.core.internal.crypto.EncryptionServiceImpl,empty,doEncryptionOrDecryption,61,KILLED,org.seedstack.seed.core.LifecycleIT.org.seedstack.seed.core.LifecycleIT
EncryptionServiceImpl.java,org.seedstack.seed.core.internal.crypto.EncryptionServiceImpl,null,doEncryptionOrDecryption,61,KILLED,org.seedstack.seed.core.LifecycleIT.org.seedstack.seed.core.LifecycleIT
EncryptionServiceImpl.java,org.seedstack.seed.core.internal.crypto.EncryptionServiceImpl,empty,encrypt,36,NO_COVERAGE,none
EncryptionServiceImpl.java,org.seedstack.seed.core.internal.crypto.EncryptionServiceImpl,null,encrypt,36,NO_COVERAGE,none
TreePrinter.java,org.seedstack.seed.core.internal.configuration.tool.TreePrinter,"",defaultToString,24,NO_COVERAGE,none
TreePrinter.java,org.seedstack.seed.core.internal.configuration.tool.TreePrinter,"A",defaultToString,24,NO_COVERAGE,none
TreePrinter.java,org.seedstack.seed.core.internal.configuration.tool.TreePrinter,null,defaultToString,24,NO_COVERAGE,none
TreePrinter.java,org.seedstack.seed.core.internal.configuration.tool.TreePrinter,void,printProperty,66,NO_COVERAGE,none
TreePrinter.java,org.seedstack.seed.core.internal.configuration.tool.TreePrinter,void,printTree,28,NO_COVERAGE,none
TreePrinter.java,org.seedstack.seed.core.internal.configuration.tool.TreePrinter,void,printTree,49,NO_COVERAGE,none
ClassConfigurationMapper.java,org.seedstack.seed.core.internal.configuration.ClassConfigurationMapper,false,canHandle,27,SURVIVED,none
ClassConfigurationMapper.java,org.seedstack.seed.core.internal.configuration.ClassConfigurationMapper,true,canHandle,27,KILLED,org.seedstack.seed.core.internal.configuration.HostAndPortMapperTest.testMapHostAndPort(org.seedstack.seed.core.internal.configuration.HostAndPortMapperTest)
ClassConfigurationMapper.java,org.seedstack.seed.core.internal.configuration.ClassConfigurationMapper,false,isValueNode,59,NO_COVERAGE,none
ClassConfigurationMapper.java,org.seedstack.seed.core.internal.configuration.ClassConfigurationMapper,true,isValueNode,59,NO_COVERAGE,none
ClassConfigurationMapper.java,org.seedstack.seed.core.internal.configuration.ClassConfigurationMapper,null,map,39,NO_COVERAGE,none
CryptTool.java,org.seedstack.seed.core.internal.crypto.CryptTool,0,call,61,NO_COVERAGE,none
CryptTool.java,org.seedstack.seed.core.internal.crypto.CryptTool,1,call,61,NO_COVERAGE,none
CryptTool.java,org.seedstack.seed.core.internal.crypto.CryptTool,null,call,61,NO_COVERAGE,none
CryptTool.java,org.seedstack.seed.core.internal.crypto.CryptTool,null,initialize,48,NO_COVERAGE,none
CryptTool.java,org.seedstack.seed.core.internal.crypto.CryptTool,null,toolPlugins,43,NO_COVERAGE,none
DecryptFunction.java,org.seedstack.seed.core.internal.crypto.DecryptFunction,"",decrypt,49,KILLED,org.seedstack.seed.core.LifecycleIT.org.seedstack.seed.core.LifecycleIT
DecryptFunction.java,org.seedstack.seed.core.internal.crypto.DecryptFunction,"A",decrypt,49,KILLED,org.seedstack.seed.core.LifecycleIT.org.seedstack.seed.core.LifecycleIT
DecryptFunction.java,org.seedstack.seed.core.internal.crypto.DecryptFunction,null,decrypt,49,KILLED,org.seedstack.seed.core.LifecycleIT.org.seedstack.seed.core.LifecycleIT
DecryptFunction.java,org.seedstack.seed.core.internal.crypto.DecryptFunction,null,fork,44,KILLED,org.seedstack.seed.core.LifecycleIT.org.seedstack.seed.core.LifecycleIT
DecryptFunction.java,org.seedstack.seed.core.internal.crypto.DecryptFunction,void,initialize,30,SURVIVED,none
CryptoPlugin.java,org.seedstack.seed.core.internal.crypto.CryptoPlugin,null,configureKeyManagers,100,KILLED,org.seedstack.seed.core.LifecycleIT.org.seedstack.seed.core.LifecycleIT
CryptoPlugin.java,org.seedstack.seed.core.internal.crypto.CryptoPlugin,null,configureSSL,85,KILLED,org.seedstack.seed.core.LifecycleIT.org.seedstack.seed.core.LifecycleIT
CryptoPlugin.java,org.seedstack.seed.core.internal.crypto.CryptoPlugin,null,initialize,56,SURVIVED,none
CryptoPlugin.java,org.seedstack.seed.core.internal.crypto.CryptoPlugin,null,nativeUnitModule,51,SURVIVED,none
CryptoPlugin.java,org.seedstack.seed.core.internal.crypto.CryptoPlugin,null,sslContext,124,NO_COVERAGE,none
ErrorsTool.java,org.seedstack.seed.core.internal.diagnostic.tool.ErrorsTool,0,call,58,NO_COVERAGE,none
ErrorsTool.java,org.seedstack.seed.core.internal.diagnostic.tool.ErrorsTool,1,call,58,NO_COVERAGE,none
ErrorsTool.java,org.seedstack.seed.core.internal.diagnostic.tool.ErrorsTool,null,call,58,NO_COVERAGE,none
ErrorsTool.java,org.seedstack.seed.core.internal.diagnostic.tool.ErrorsTool,null,classpathScanRequests,39,NO_COVERAGE,none
ErrorsTool.java,org.seedstack.seed.core.internal.diagnostic.tool.ErrorsTool,null,initialize,46,NO_COVERAGE,none
DetailPrinter.java,org.seedstack.seed.core.internal.configuration.tool.DetailPrinter,void,printAdditionalInfo,81,NO_COVERAGE,none
DetailPrinter.java,org.seedstack.seed.core.internal.configuration.tool.DetailPrinter,void,printDeclaration,48,NO_COVERAGE,none
DetailPrinter.java,org.seedstack.seed.core.internal.configuration.tool.DetailPrinter,void,printDetail,25,NO_COVERAGE,none
DetailPrinter.java,org.seedstack.seed.core.internal.configuration.tool.DetailPrinter,void,printLongDescription,74,NO_COVERAGE,none
DetailPrinter.java,org.seedstack.seed.core.internal.configuration.tool.DetailPrinter,null,printSummary,44,NO_COVERAGE,none
DiagnosticPlugin.java,org.seedstack.seed.core.internal.diagnostic.DiagnosticPlugin,null,classpathScanRequests,50,KILLED,org.seedstack.seed.core.LifecycleIT.org.seedstack.seed.core.LifecycleIT
DiagnosticPlugin.java,org.seedstack.seed.core.internal.diagnostic.DiagnosticPlugin,null,initialize,58,KILLED,org.seedstack.seed.core.internal.diagnostic.DiagnosticPluginTest.initPluginTest(org.seedstack.seed.core.internal.diagnostic.DiagnosticPluginTest)
DiagnosticPlugin.java,org.seedstack.seed.core.internal.diagnostic.DiagnosticPlugin,null,nativeUnitModule,77,KILLED,org.seedstack.seed.core.internal.diagnostic.DiagnosticPluginTest.verify_nativeUnitModule_instance(org.seedstack.seed.core.internal.diagnostic.DiagnosticPluginTest)
DiagnosticPlugin.java,org.seedstack.seed.core.internal.diagnostic.DiagnosticPlugin,void,setup,45,KILLED,org.seedstack.seed.core.LifecycleIT.org.seedstack.seed.core.LifecycleIT
DiagnosticPlugin.java,org.seedstack.seed.core.internal.diagnostic.DiagnosticPlugin,void,start,82,SURVIVED,none
ELInterceptor.java,org.seedstack.seed.core.internal.el.ELInterceptor,null,evaluateELWithService,73,NO_COVERAGE,none
ELInterceptor.java,org.seedstack.seed.core.internal.el.ELInterceptor,"",getELFromAnnotation,83,NO_COVERAGE,none
ELInterceptor.java,org.seedstack.seed.core.internal.el.ELInterceptor,"A",getELFromAnnotation,83,NO_COVERAGE,none
ELInterceptor.java,org.seedstack.seed.core.internal.el.ELInterceptor,null,getELFromAnnotation,83,NO_COVERAGE,none
ELInterceptor.java,org.seedstack.seed.core.internal.el.ELInterceptor,null,invoke,50,NO_COVERAGE,none
SSLLoader.java,org.seedstack.seed.core.internal.crypto.SSLLoader,empty,getKeyManagers,35,SURVIVED,none
SSLLoader.java,org.seedstack.seed.core.internal.crypto.SSLLoader,null,getKeyManagers,35,KILLED,org.seedstack.seed.core.LifecycleIT.org.seedstack.seed.core.LifecycleIT
SSLLoader.java,org.seedstack.seed.core.internal.crypto.SSLLoader,null,getSSLContext,82,SURVIVED,none
SSLLoader.java,org.seedstack.seed.core.internal.crypto.SSLLoader,empty,getTrustManager,59,SURVIVED,none
SSLLoader.java,org.seedstack.seed.core.internal.crypto.SSLLoader,null,getTrustManager,59,SURVIVED,none
CliMembersInjector.java,org.seedstack.seed.core.internal.cli.CliMembersInjector,null,buildOptionArgumentMap,152,NO_COVERAGE,none
CliMembersInjector.java,org.seedstack.seed.core.internal.cli.CliMembersInjector,void,injectArgs,117,NO_COVERAGE,none
CliMembersInjector.java,org.seedstack.seed.core.internal.cli.CliMembersInjector,void,injectMembers,47,NO_COVERAGE,none
CliMembersInjector.java,org.seedstack.seed.core.internal.cli.CliMembersInjector,void,injectOptions,53,NO_COVERAGE,none
CliMembersInjector.java,org.seedstack.seed.core.internal.cli.CliMembersInjector,null,parseCommandLine,139,NO_COVERAGE,none
ITPlugin.java,org.seedstack.seed.core.internal.it.ITPlugin,void,deleteRecursively,99,NO_COVERAGE,none
ITPlugin.java,org.seedstack.seed.core.internal.it.ITPlugin,null,initialize,61,NO_COVERAGE,none
ITPlugin.java,org.seedstack.seed.core.internal.it.ITPlugin,null,nativeUnitModule,80,NO_COVERAGE,none
ITPlugin.java,org.seedstack.seed.core.internal.it.ITPlugin,void,setup,50,NO_COVERAGE,none
ITPlugin.java,org.seedstack.seed.core.internal.it.ITPlugin,void,stop,86,NO_COVERAGE,none
JtaTransactionManager.java,org.seedstack.seed.core.internal.transaction.JtaTransactionManager,null,doMethodInterception,43,KILLED,org.seedstack.seed.core.internal.transaction.JtaTransactionManagerTest.propagation_mandatory_without_transaction(org.seedstack.seed.core.internal.transaction.JtaTransactionManagerTest)
JtaTransactionManager.java,org.seedstack.seed.core.internal.transaction.JtaTransactionManager,null,getTransactionManager,126,KILLED,org.seedstack.seed.core.internal.transaction.JtaTransactionManagerTest.propagation_not_supported_with_transaction(org.seedstack.seed.core.internal.transaction.JtaTransactionManagerTest)
JtaTransactionManager.java,org.seedstack.seed.core.internal.transaction.JtaTransactionManager,null,getUserTransaction,153,KILLED,org.seedstack.seed.core.internal.transaction.JtaTransactionManagerTest.propagation_not_supported_without_transaction(org.seedstack.seed.core.internal.transaction.JtaTransactionManagerTest)
JtaTransactionManager.java,org.seedstack.seed.core.internal.transaction.JtaTransactionManager,null,handlePropagation,174,KILLED,org.seedstack.seed.core.internal.transaction.JtaTransactionManagerTest.propagation_mandatory_without_transaction(org.seedstack.seed.core.internal.transaction.JtaTransactionManagerTest)
JtaTransactionManager.java,org.seedstack.seed.core.internal.transaction.JtaTransactionManager,void,initJTAObjects,160,KILLED,org.seedstack.seed.core.internal.transaction.JtaTransactionManagerTest.propagation_not_supported_without_transaction(org.seedstack.seed.core.internal.transaction.JtaTransactionManagerTest)
AbstractSeedTool.java,org.seedstack.seed.core.internal.AbstractSeedTool,"",name,22,NO_COVERAGE,none
AbstractSeedTool.java,org.seedstack.seed.core.internal.AbstractSeedTool,"A",name,22,NO_COVERAGE,none
AbstractSeedTool.java,org.seedstack.seed.core.internal.AbstractSeedTool,null,name,22,NO_COVERAGE,none
AbstractSeedTool.java,org.seedstack.seed.core.internal.AbstractSeedTool,null,pluginsToLoad,32,NO_COVERAGE,none
AbstractSeedTool.java,org.seedstack.seed.core.internal.AbstractSeedTool,null,toolPlugins,43,NO_COVERAGE,none
SpecificationBuilder.java,org.seedstack.seed.core.internal.utils.SpecificationBuilder,null,and,24,NO_COVERAGE,none
SpecificationBuilder.java,org.seedstack.seed.core.internal.utils.SpecificationBuilder,null,build,44,KILLED,org.seedstack.seed.core.LifecycleIT.org.seedstack.seed.core.LifecycleIT
SpecificationBuilder.java,org.seedstack.seed.core.internal.utils.SpecificationBuilder,null,negate,39,NO_COVERAGE,none
SpecificationBuilder.java,org.seedstack.seed.core.internal.utils.SpecificationBuilder,null,or,32,NO_COVERAGE,none
MethodMatcherBuilder.java,org.seedstack.seed.core.internal.utils.MethodMatcherBuilder,null,and,26,NO_COVERAGE,none
MethodMatcherBuilder.java,org.seedstack.seed.core.internal.utils.MethodMatcherBuilder,null,build,46,KILLED,org.seedstack.seed.core.internal.transaction.TransactionalAnnotationTest.annotationOnInheritedClass(org.seedstack.seed.core.internal.transaction.TransactionalAnnotationTest)
MethodMatcherBuilder.java,org.seedstack.seed.core.internal.utils.MethodMatcherBuilder,null,negate,41,NO_COVERAGE,none
MethodMatcherBuilder.java,org.seedstack.seed.core.internal.utils.MethodMatcherBuilder,null,or,34,KILLED,org.seedstack.seed.core.internal.transaction.JtaTransactionalAnnotationTest.annotationOnClass(org.seedstack.seed.core.internal.transaction.JtaTransactionalAnnotationTest)
ConfigurationMembersInjector.java,org.seedstack.seed.core.internal.configuration.ConfigurationMembersInjector,"",computeConfigKey,65,NO_COVERAGE,none
ConfigurationMembersInjector.java,org.seedstack.seed.core.internal.configuration.ConfigurationMembersInjector,"A",computeConfigKey,65,NO_COVERAGE,none
ConfigurationMembersInjector.java,org.seedstack.seed.core.internal.configuration.ConfigurationMembersInjector,null,computeConfigKey,65,NO_COVERAGE,none
ConfigurationMembersInjector.java,org.seedstack.seed.core.internal.configuration.ConfigurationMembersInjector,void,injectMembers,40,SURVIVED,none
ValidationPlugin.java,org.seedstack.seed.core.internal.validation.ValidationPlugin,null,classpathScanRequests,44,KILLED,org.seedstack.seed.core.LifecycleIT.org.seedstack.seed.core.LifecycleIT
ValidationPlugin.java,org.seedstack.seed.core.internal.validation.ValidationPlugin,null,initialize,51,TIMED_OUT,none
ValidationPlugin.java,org.seedstack.seed.core.internal.validation.ValidationPlugin,null,nativeUnitModule,65,SURVIVED,none
ValidationPlugin.java,org.seedstack.seed.core.internal.validation.ValidationPlugin,void,setup,39,SURVIVED,none
BaseConfiguration.java,org.seedstack.seed.core.internal.init.BaseConfiguration,null,buildJacksonProvider,73,KILLED,org.seedstack.seed.core.LifecycleIT.org.seedstack.seed.core.LifecycleIT
BaseConfiguration.java,org.seedstack.seed.core.internal.init.BaseConfiguration,null,buildPropertiesProvider,79,KILLED,org.seedstack.seed.core.LifecycleIT.org.seedstack.seed.core.LifecycleIT
BaseConfiguration.java,org.seedstack.seed.core.internal.init.BaseConfiguration,null,get,69,KILLED,org.seedstack.seed.core.LifecycleIT.org.seedstack.seed.core.LifecycleIT
BaseConfiguration.java,org.seedstack.seed.core.internal.init.BaseConfiguration,null,getResources,85,KILLED,org.seedstack.seed.core.LifecycleIT.org.seedstack.seed.core.LifecycleIT
LogbackLogManager.java,org.seedstack.seed.core.internal.init.LogbackLogManager,void,configure,38,KILLED,org.seedstack.seed.core.LifecycleIT.org.seedstack.seed.core.LifecycleIT
LogbackLogManager.java,org.seedstack.seed.core.internal.init.LogbackLogManager,null,convertLevel,98,KILLED,org.seedstack.seed.core.LifecycleIT.org.seedstack.seed.core.LifecycleIT
LogbackLogManager.java,org.seedstack.seed.core.internal.init.LogbackLogManager,false,isExplicitlyConfigured,112,KILLED,org.seedstack.seed.core.LifecycleIT.org.seedstack.seed.core.LifecycleIT
LogbackLogManager.java,org.seedstack.seed.core.internal.init.LogbackLogManager,true,isExplicitlyConfigured,112,KILLED,org.seedstack.seed.core.LifecycleIT.org.seedstack.seed.core.LifecycleIT
HostAndPortMapper.java,org.seedstack.seed.core.internal.configuration.HostAndPortMapper,false,canHandle,20,KILLED,org.seedstack.seed.core.internal.configuration.HostAndPortMapperTest.testUnmapHostAndPort(org.seedstack.seed.core.internal.configuration.HostAndPortMapperTest)
HostAndPortMapper.java,org.seedstack.seed.core.internal.configuration.HostAndPortMapper,true,canHandle,20,KILLED,org.seedstack.seed.core.LifecycleIT.org.seedstack.seed.core.LifecycleIT
HostAndPortMapper.java,org.seedstack.seed.core.internal.configuration.HostAndPortMapper,null,map,25,KILLED,org.seedstack.seed.core.internal.configuration.HostAndPortMapperTest.testMapHostAndPort(org.seedstack.seed.core.internal.configuration.HostAndPortMapperTest)
HostAndPortMapper.java,org.seedstack.seed.core.internal.configuration.HostAndPortMapper,null,unmap,30,KILLED,org.seedstack.seed.core.internal.configuration.HostAndPortMapperTest.testUnmapHostAndPort(org.seedstack.seed.core.internal.configuration.HostAndPortMapperTest)
MethodValidationInterceptor.java,org.seedstack.seed.core.internal.validation.MethodValidationInterceptor,null,invoke,26,NO_COVERAGE,none
MethodValidationInterceptor.java,org.seedstack.seed.core.internal.validation.MethodValidationInterceptor,void,validateParameters,39,NO_COVERAGE,none
MethodValidationInterceptor.java,org.seedstack.seed.core.internal.validation.MethodValidationInterceptor,void,validateReturnValue,51,NO_COVERAGE,none
BindingDefinition.java,org.seedstack.seed.core.internal.BindingDefinition,void,apply,41,SURVIVED,none
BindingDefinition.java,org.seedstack.seed.core.internal.BindingDefinition,null,findQualifier,62,KILLED,org.seedstack.seed.core.LifecycleIT.org.seedstack.seed.core.LifecycleIT
BindingDefinition.java,org.seedstack.seed.core.internal.BindingDefinition,null,getExtendingClass,72,KILLED,org.seedstack.seed.core.LifecycleIT.org.seedstack.seed.core.LifecycleIT
ToolLauncher.java,org.seedstack.seed.core.internal.ToolLauncher,null,buildKernelConfiguration,62,NO_COVERAGE,none
ToolLauncher.java,org.seedstack.seed.core.internal.ToolLauncher,void,launch,36,NO_COVERAGE,none
ToolLauncher.java,org.seedstack.seed.core.internal.ToolLauncher,void,shutdown,80,NO_COVERAGE,none
ProxyUtils.java,org.seedstack.seed.core.internal.guice.ProxyUtils,null,cleanProxy,36,NO_COVERAGE,none
ProxyUtils.java,org.seedstack.seed.core.internal.guice.ProxyUtils,false,isProxy,26,NO_COVERAGE,none
ProxyUtils.java,org.seedstack.seed.core.internal.guice.ProxyUtils,true,isProxy,26,NO_COVERAGE,none
KeyStoreLoader.java,org.seedstack.seed.core.internal.crypto.KeyStoreLoader,null,getInputStream,47,KILLED,org.seedstack.seed.core.internal.crypto.KeyStoreLoaderTest.testKeyStoreLoaderMissingProvider(org.seedstack.seed.core.internal.crypto.KeyStoreLoaderTest)
KeyStoreLoader.java,org.seedstack.seed.core.internal.crypto.KeyStoreLoader,null,load,34,KILLED,org.seedstack.seed.core.internal.crypto.KeyStoreLoaderTest.testKeyStoreLoaderMissingProvider(org.seedstack.seed.core.internal.crypto.KeyStoreLoaderTest)
KeyStoreLoader.java,org.seedstack.seed.core.internal.crypto.KeyStoreLoader,null,loadFromInputStream,56,KILLED,org.seedstack.seed.core.LifecycleIT.org.seedstack.seed.core.LifecycleIT
SecureConfigurationProcessor.java,org.seedstack.seed.core.internal.configuration.SecureConfigurationProcessor,false,isPotentialPassword,31,SURVIVED,none
SecureConfigurationProcessor.java,org.seedstack.seed.core.internal.configuration.SecureConfigurationProcessor,true,isPotentialPassword,31,SURVIVED,none
SecureConfigurationProcessor.java,org.seedstack.seed.core.internal.configuration.SecureConfigurationProcessor,void,process,20,SURVIVED,none
EffectiveConfigTool.java,org.seedstack.seed.core.internal.configuration.tool.EffectiveConfigTool,0,call,21,NO_COVERAGE,none
EffectiveConfigTool.java,org.seedstack.seed.core.internal.configuration.tool.EffectiveConfigTool,1,call,21,NO_COVERAGE,none
EffectiveConfigTool.java,org.seedstack.seed.core.internal.configuration.tool.EffectiveConfigTool,null,call,21,NO_COVERAGE,none
AutodetectLogManager.java,org.seedstack.seed.core.internal.init.AutodetectLogManager,null,get,36,KILLED,org.seedstack.seed.core.LifecycleIT.org.seedstack.seed.core.LifecycleIT
AutodetectLogManager.java,org.seedstack.seed.core.internal.init.AutodetectLogManager,false,isLogbackInUse,56,KILLED,org.seedstack.seed.core.LifecycleIT.org.seedstack.seed.core.LifecycleIT
AutodetectLogManager.java,org.seedstack.seed.core.internal.init.AutodetectLogManager,true,isLogbackInUse,56,KILLED,org.seedstack.seed.core.LifecycleIT.org.seedstack.seed.core.LifecycleIT
JndiPlugin.java,org.seedstack.seed.core.internal.jndi.JndiPlugin,null,getJndiContexts,97,NO_COVERAGE,none
JndiPlugin.java,org.seedstack.seed.core.internal.jndi.JndiPlugin,null,initialize,44,KILLED,org.seedstack.seed.core.LifecycleIT.org.seedstack.seed.core.LifecycleIT
JndiPlugin.java,org.seedstack.seed.core.internal.jndi.JndiPlugin,null,nativeUnitModule,88,KILLED,org.seedstack.seed.core.LifecycleIT.org.seedstack.seed.core.LifecycleIT
UuidFunctionHolder.java,org.seedstack.seed.core.internal.configuration.UuidFunctionHolder,"",randomUuid,18,NO_COVERAGE,none
UuidFunctionHolder.java,org.seedstack.seed.core.internal.configuration.UuidFunctionHolder,"A",randomUuid,18,NO_COVERAGE,none
UuidFunctionHolder.java,org.seedstack.seed.core.internal.configuration.UuidFunctionHolder,null,randomUuid,18,NO_COVERAGE,none
SeedProxySelector.java,org.seedstack.seed.core.internal.init.SeedProxySelector,false,isNotExcluded,58,NO_COVERAGE,none
SeedProxySelector.java,org.seedstack.seed.core.internal.init.SeedProxySelector,true,isNotExcluded,58,NO_COVERAGE,none
SeedProxySelector.java,org.seedstack.seed.core.internal.init.SeedProxySelector,null,select,36,NO_COVERAGE,none
DefaultITLauncher.java,org.seedstack.seed.core.internal.it.DefaultITLauncher,null,getKernel,43,NO_COVERAGE,none
DefaultITLauncher.java,org.seedstack.seed.core.internal.it.DefaultITLauncher,void,launch,28,NO_COVERAGE,none
DefaultITLauncher.java,org.seedstack.seed.core.internal.it.DefaultITLauncher,void,shutdown,49,NO_COVERAGE,none
SeedMessageInterpolator.java,org.seedstack.seed.core.internal.validation.SeedMessageInterpolator,"",interpolate,23,NO_COVERAGE,none
SeedMessageInterpolator.java,org.seedstack.seed.core.internal.validation.SeedMessageInterpolator,"A",interpolate,23,NO_COVERAGE,none
SeedMessageInterpolator.java,org.seedstack.seed.core.internal.validation.SeedMessageInterpolator,null,interpolate,23,NO_COVERAGE,none
ELBinder.java,org.seedstack.seed.core.internal.el.ELBinder,null,bindELAnnotation,61,SURVIVED,none
ELBinder.java,org.seedstack.seed.core.internal.el.ELBinder,null,bindELAnnotation,73,KILLED,org.seedstack.seed.core.LifecycleIT.org.seedstack.seed.core.LifecycleIT
ELBinder.java,org.seedstack.seed.core.internal.el.ELBinder,null,handlerMethodMatcher,80,KILLED,org.seedstack.seed.core.LifecycleIT.org.seedstack.seed.core.LifecycleIT
CliTypeListener.java,org.seedstack.seed.core.internal.cli.CliTypeListener,void,hear,38,NO_COVERAGE,none
CliTypeListener.java,org.seedstack.seed.core.internal.cli.CliTypeListener,false,isCandidate,60,NO_COVERAGE,none
CliTypeListener.java,org.seedstack.seed.core.internal.cli.CliTypeListener,true,isCandidate,60,NO_COVERAGE,none
TransactionPlugin.java,org.seedstack.seed.core.internal.transaction.TransactionPlugin,null,classpathScanRequests,49,KILLED,org.seedstack.seed.core.LifecycleIT.org.seedstack.seed.core.LifecycleIT
TransactionPlugin.java,org.seedstack.seed.core.internal.transaction.TransactionPlugin,null,initialize,54,KILLED,org.seedstack.seed.core.internal.transaction.TransactionPluginTest.initTransactionPluginTest1(org.seedstack.seed.core.internal.transaction.TransactionPluginTest)
TransactionPlugin.java,org.seedstack.seed.core.internal.transaction.TransactionPlugin,null,nativeUnitModule,74,KILLED,org.seedstack.seed.core.internal.transaction.TransactionPluginTest.initTransactionPluginTest4(org.seedstack.seed.core.internal.transaction.TransactionPluginTest)
ELContextBuilderImpl.java,org.seedstack.seed.core.internal.el.ELContextBuilderImpl,null,context,59,NO_COVERAGE,none
ELContextBuilderImpl.java,org.seedstack.seed.core.internal.el.ELContextBuilderImpl,null,createDefaultELContext,32,NO_COVERAGE,none
ELContextBuilderImpl.java,org.seedstack.seed.core.internal.el.ELContextBuilderImpl,null,defaultContext,54,NO_COVERAGE,none
CommandPlugin.java,org.seedstack.seed.core.internal.command.CommandPlugin,null,classpathScanRequests,82,KILLED,org.seedstack.seed.core.LifecycleIT.org.seedstack.seed.core.LifecycleIT
CommandPlugin.java,org.seedstack.seed.core.internal.command.CommandPlugin,null,initialize,43,SURVIVED,none
CommandPlugin.java,org.seedstack.seed.core.internal.command.CommandPlugin,null,nativeUnitModule,87,SURVIVED,none
ELServiceInternal.java,org.seedstack.seed.core.internal.el.ELServiceInternal,null,withExpression,34,NO_COVERAGE,none
ELServiceInternal.java,org.seedstack.seed.core.internal.el.ELServiceInternal,null,withMethodExpression,47,NO_COVERAGE,none
ELServiceInternal.java,org.seedstack.seed.core.internal.el.ELServiceInternal,null,withValueExpression,40,NO_COVERAGE,none
VerboseConstraintViolationException.java,org.seedstack.seed.core.internal.validation.VerboseConstraintViolationException,"",createVerboseMessage,31,NO_COVERAGE,none
VerboseConstraintViolationException.java,org.seedstack.seed.core.internal.validation.VerboseConstraintViolationException,"A",createVerboseMessage,31,NO_COVERAGE,none
VerboseConstraintViolationException.java,org.seedstack.seed.core.internal.validation.VerboseConstraintViolationException,null,createVerboseMessage,31,NO_COVERAGE,none
SpecificationBuilder.java,org.seedstack.seed.core.internal.utils.SpecificationBuilder$1,false,isSatisfiedBy,47,KILLED,org.seedstack.seed.core.LifecycleIT.org.seedstack.seed.core.LifecycleIT
SpecificationBuilder.java,org.seedstack.seed.core.internal.utils.SpecificationBuilder$1,true,isSatisfiedBy,47,SURVIVED,none
LocalTransactionManager.java,org.seedstack.seed.core.internal.transaction.LocalTransactionManager,null,doMethodInterception,25,KILLED,org.seedstack.seed.core.internal.transaction.LocalTransactionManagerTest.propagation_mandatory_without_transaction(org.seedstack.seed.core.internal.transaction.LocalTransactionManagerTest)
LocalTransactionManager.java,org.seedstack.seed.core.internal.transaction.LocalTransactionManager,null,handlePropagation,84,KILLED,org.seedstack.seed.core.internal.transaction.LocalTransactionManagerTest.propagation_mandatory_without_transaction(org.seedstack.seed.core.internal.transaction.LocalTransactionManagerTest)
EncryptionServiceBindingFactory.java,org.seedstack.seed.core.internal.crypto.EncryptionServiceBindingFactory,null,createBindings,40,KILLED,org.seedstack.seed.core.LifecycleIT.org.seedstack.seed.core.LifecycleIT
EncryptionServiceBindingFactory.java,org.seedstack.seed.core.internal.crypto.EncryptionServiceBindingFactory,null,createKeyFromQualifier,75,KILLED,org.seedstack.seed.core.LifecycleIT.org.seedstack.seed.core.LifecycleIT
TransactionalProxy.java,org.seedstack.seed.core.internal.transaction.TransactionalProxy,null,create,42,KILLED,org.seedstack.seed.core.LifecycleIT.org.seedstack.seed.core.LifecycleIT
TransactionalProxy.java,org.seedstack.seed.core.internal.transaction.TransactionalProxy,null,invoke,48,NO_COVERAGE,none
ValidationModule.java,org.seedstack.seed.core.internal.validation.ValidationModule$2,false,matches,95,SURVIVED,none
ValidationModule.java,org.seedstack.seed.core.internal.validation.ValidationModule$2,true,matches,95,KILLED,org.seedstack.seed.core.LifecycleIT.org.seedstack.seed.core.LifecycleIT
ProfileProcessor.java,org.seedstack.seed.core.internal.configuration.ProfileProcessor,null,parseProfiles,64,KILLED,org.seedstack.seed.core.internal.configuration.ProfileProcessorTest.testNoProfile(org.seedstack.seed.core.internal.configuration.ProfileProcessorTest)
ProfileProcessor.java,org.seedstack.seed.core.internal.configuration.ProfileProcessor,void,process,33,KILLED,org.seedstack.seed.core.internal.configuration.ProfileProcessorTest.testProfile1And2(org.seedstack.seed.core.internal.configuration.ProfileProcessorTest)
ValidationModule.java,org.seedstack.seed.core.internal.validation.ValidationModule$3,false,matches,112,SURVIVED,none
ValidationModule.java,org.seedstack.seed.core.internal.validation.ValidationModule$3,true,matches,112,KILLED,org.seedstack.seed.core.LifecycleIT.org.seedstack.seed.core.LifecycleIT
DefaultDiagnosticReporter.java,org.seedstack.seed.core.internal.diagnostic.DefaultDiagnosticReporter,void,writeDiagnosticReport,57,NO_COVERAGE,none
DefaultDiagnosticReporter.java,org.seedstack.seed.core.internal.diagnostic.DefaultDiagnosticReporter,void,writeDiagnosticReport,75,KILLED,org.seedstack.seed.core.internal.diagnostic.DefaultDiagnosticReporterTest.yaml_output_is_valid(org.seedstack.seed.core.internal.diagnostic.DefaultDiagnosticReporterTest)
LifecycleExtension.java,org.seedstack.seed.core.internal.lifecycle.LifecycleExtension,void,started,32,KILLED,org.seedstack.seed.core.LifecycleIT.org.seedstack.seed.core.LifecycleIT
LifecycleExtension.java,org.seedstack.seed.core.internal.lifecycle.LifecycleExtension,void,stopping,39,KILLED,org.seedstack.seed.core.LifecycleIT.org.seedstack.seed.core.LifecycleIT
CliPlugin.java,org.seedstack.seed.core.internal.cli.CliPlugin,null,nativeUnitModule,30,SURVIVED,none
CliPlugin.java,org.seedstack.seed.core.internal.cli.CliPlugin,void,setup,25,SURVIVED,none
SeedMain.java,org.seedstack.seed.core.SeedMain,void,handleException,67,NO_COVERAGE,none
SeedMain.java,org.seedstack.seed.core.SeedMain,void,main,42,NO_COVERAGE,none
ByteArrays.java,org.seedstack.seed.core.internal.crypto.ByteArrays,false,slowEquals,29,KILLED,org.seedstack.seed.core.internal.crypto.PBKDF2HashingSupportTest.testSomeHashings(org.seedstack.seed.core.internal.crypto.PBKDF2HashingSupportTest)
ByteArrays.java,org.seedstack.seed.core.internal.crypto.ByteArrays,true,slowEquals,29,KILLED,org.seedstack.seed.core.internal.crypto.PBKDF2HashingSupportTest.testSomeHashings(org.seedstack.seed.core.internal.crypto.PBKDF2HashingSupportTest)
TransactionalClassProxy.java,org.seedstack.seed.core.internal.transaction.TransactionalClassProxy,null,create,44,KILLED,org.seedstack.seed.core.LifecycleIT.org.seedstack.seed.core.LifecycleIT
TransactionalClassProxy.java,org.seedstack.seed.core.internal.transaction.TransactionalClassProxy,null,invoke,58,NO_COVERAGE,none
ELContextBuilderImpl.java,org.seedstack.seed.core.internal.el.ELContextBuilderImpl$SubContextBuilderImpl,null,withFunction,78,NO_COVERAGE,none
ELContextBuilderImpl.java,org.seedstack.seed.core.internal.el.ELContextBuilderImpl$SubContextBuilderImpl,null,withProperty,71,NO_COVERAGE,none
ToolContext.java,org.seedstack.seed.core.internal.ToolContext,empty,getArgs,25,NO_COVERAGE,none
ToolContext.java,org.seedstack.seed.core.internal.ToolContext,null,getArgs,25,NO_COVERAGE,none
ConstraintValidatorSpecification.java,org.seedstack.seed.core.internal.validation.ConstraintValidatorSpecification,false,isSatisfiedBy,25,SURVIVED,none
ConstraintValidatorSpecification.java,org.seedstack.seed.core.internal.validation.ConstraintValidatorSpecification,true,isSatisfiedBy,25,SURVIVED,none
AutoCloseableMatcher.java,org.seedstack.seed.core.internal.lifecycle.AutoCloseableMatcher,false,matches,24,KILLED,org.seedstack.seed.core.LifecycleIT.org.seedstack.seed.core.LifecycleIT
AutoCloseableMatcher.java,org.seedstack.seed.core.internal.lifecycle.AutoCloseableMatcher,true,matches,24,SURVIVED,none
TransactionModule.java,org.seedstack.seed.core.internal.transaction.TransactionModule,null,buildMethodMatcher,33,KILLED,org.seedstack.seed.core.internal.transaction.TransactionalAnnotationTest.annotationOnInheritedClass(org.seedstack.seed.core.internal.transaction.TransactionalAnnotationTest)
TransactionModule.java,org.seedstack.seed.core.internal.transaction.TransactionModule,void,configure,42,SURVIVED,none
GenericBindingStrategy.java,org.seedstack.seed.core.internal.guice.GenericBindingStrategy,void,bindKey,108,NO_COVERAGE,none
GenericBindingStrategy.java,org.seedstack.seed.core.internal.guice.GenericBindingStrategy,void,resolve,88,NO_COVERAGE,none
ITModule.java,org.seedstack.seed.core.internal.it.ITModule,void,configure,27,NO_COVERAGE,none
CommandModule.java,org.seedstack.seed.core.internal.command.CommandModule,void,configure,27,SURVIVED,none
CoreModule.java,org.seedstack.seed.core.internal.CoreModule,void,configure,32,KILLED,org.seedstack.seed.core.LifecycleIT.org.seedstack.seed.core.LifecycleIT
CliModule.java,org.seedstack.seed.core.internal.cli.CliModule,void,configure,24,NO_COVERAGE,none
ELModule.java,org.seedstack.seed.core.internal.el.ELModule,void,configure,32,KILLED,org.seedstack.seed.core.LifecycleIT.org.seedstack.seed.core.LifecycleIT
LoggingMembersInjector.java,org.seedstack.seed.core.internal.logging.LoggingMembersInjector,void,injectMembers,37,KILLED,org.seedstack.seed.core.internal.logging.MembersInjectorTest.injectMembersTest(org.seedstack.seed.core.internal.logging.MembersInjectorTest)
DiagnosticCommand.java,org.seedstack.seed.core.internal.diagnostic.DiagnosticCommand,null,execute,27,NO_COVERAGE,none
GenericGuiceProvider.java,org.seedstack.seed.core.internal.guice.GenericGuiceProvider,null,get,49,NO_COVERAGE,none
LoggingModule.java,org.seedstack.seed.core.internal.logging.LoggingModule,void,configure,17,SURVIVED,none
ValidationModule.java,org.seedstack.seed.core.internal.validation.ValidationModule$1,void,configure,50,KILLED,org.seedstack.seed.core.LifecycleIT.org.seedstack.seed.core.LifecycleIT
LoggingPlugin.java,org.seedstack.seed.core.internal.logging.LoggingPlugin,null,nativeUnitModule,21,SURVIVED,none
SeedRuntime.java,org.seedstack.seed.core.SeedRuntime$RuntimeDiagnosticCollector,null,collect,179,NO_COVERAGE,none
RemovalProcessor.java,org.seedstack.seed.core.internal.configuration.RemovalProcessor,void,process,22,KILLED,org.seedstack.seed.core.internal.configuration.RemovalProcessorTest.testRemoval(org.seedstack.seed.core.internal.configuration.RemovalProcessorTest)
ResourceTypeListener.java,org.seedstack.seed.core.internal.jndi.ResourceTypeListener,void,hear,35,SURVIVED,none
CryptoModule.java,org.seedstack.seed.core.internal.crypto.CryptoModule,void,configure,35,SURVIVED,none
ConsoleManager.java,org.seedstack.seed.core.internal.init.ConsoleManager$ColorOutputStream,void,close,119,NO_COVERAGE,none
ResourceMembersInjector.java,org.seedstack.seed.core.internal.jndi.ResourceMembersInjector,void,injectMembers,40,NO_COVERAGE,none
HelpCommand.java,org.seedstack.seed.core.internal.command.HelpCommand,null,execute,37,NO_COVERAGE,none
BaseClasspathScanHandler.java,org.seedstack.seed.core.internal.scan.BaseClasspathScanHandler,null,urlTypes,21,KILLED,org.seedstack.seed.core.LifecycleIT.org.seedstack.seed.core.LifecycleIT
StaticValidationProvisionListener.java,org.seedstack.seed.core.internal.validation.StaticValidationProvisionListener,void,onProvision,23,NO_COVERAGE,none
ConfigurationModule.java,org.seedstack.seed.core.internal.configuration.ConfigurationModule,void,configure,24,KILLED,org.seedstack.seed.core.LifecycleIT.org.seedstack.seed.core.LifecycleIT
TransactionLogger.java,org.seedstack.seed.core.internal.transaction.TransactionLogger,void,log,25,SURVIVED,none
DiagnosticModule.java,org.seedstack.seed.core.internal.diagnostic.DiagnosticModule,void,configure,29,KILLED,org.seedstack.seed.core.LifecycleIT.org.seedstack.seed.core.LifecycleIT
LifecycleModule.java,org.seedstack.seed.core.internal.lifecycle.LifecycleModule,void,configure,29,KILLED,org.seedstack.seed.core.LifecycleIT.org.seedstack.seed.core.LifecycleIT
SeedConstraintValidatorFactory.java,org.seedstack.seed.core.internal.validation.SeedConstraintValidatorFactory,null,getInstance,31,NO_COVERAGE,none
JndiModule.java,org.seedstack.seed.core.internal.jndi.JndiModule,void,configure,32,KILLED,org.seedstack.seed.core.LifecycleIT.org.seedstack.seed.core.LifecycleIT
ConfigurationTypeListener.java,org.seedstack.seed.core.internal.configuration.ConfigurationTypeListener,void,hear,33,SURVIVED,none
PropertyInfo.java,org.seedstack.seed.core.internal.configuration.tool.PropertyInfo,null,getInnerPropertyInfo,82,NO_COVERAGE,none
GlobalValidatorFactory.java,org.seedstack.seed.core.internal.init.GlobalValidatorFactory,null,get,28,SURVIVED,none
FallbackUrlType.java,org.seedstack.seed.core.internal.scan.FallbackUrlType,null,createDir,31,NO_COVERAGE,none
ApplicationDiagnosticCollector.java,org.seedstack.seed.core.internal.configuration.ApplicationDiagnosticCollector,null,collect,25,NO_COVERAGE,none
FallbackUrlType.java,org.seedstack.seed.core.internal.scan.FallbackUrlType$1,null,getFiles,40,NO_COVERAGE,none
ValidatorFactoryProvider.java,org.seedstack.seed.core.internal.validation.ValidatorFactoryProvider,null,get,28,KILLED,org.seedstack.seed.core.LifecycleIT.org.seedstack.seed.core.LifecycleIT
AbstractTransactionManager.java,org.seedstack.seed.core.internal.transaction.AbstractTransactionManager$MethodInterceptorImplementation,null,invoke,204,KILLED,org.seedstack.seed.core.internal.transaction.LocalTransactionManagerTest.propagation_mandatory_without_transaction(org.seedstack.seed.core.internal.transaction.LocalTransactionManagerTest)
SeedContextFactory.java,org.seedstack.seed.core.internal.jndi.SeedContextFactory,null,getInitialContext,22,KILLED,org.seedstack.seed.core.LifecycleIT.org.seedstack.seed.core.LifecycleIT
SeedProxyAuthenticator.java,org.seedstack.seed.core.internal.init.SeedProxyAuthenticator,null,getPasswordAuthentication,26,NO_COVERAGE,none
AutoCloseableProvisionListener.java,org.seedstack.seed.core.internal.lifecycle.AutoCloseableProvisionListener,void,onProvision,22,KILLED,org.seedstack.seed.core.LifecycleIT.org.seedstack.seed.core.LifecycleIT
LoggingTypeListener.java,org.seedstack.seed.core.internal.logging.LoggingTypeListener,void,hear,30,SURVIVED,none
