Pdp.java,org.ow2.authzforce.core.xmlns.pdp.Pdp,null,getAttributeDatatypes,182,NO_COVERAGE,none
Pdp.java,org.ow2.authzforce.core.xmlns.pdp.Pdp,null,getAttributeProviders,269,NO_COVERAGE,none
Pdp.java,org.ow2.authzforce.core.xmlns.pdp.Pdp,null,getClientRequestErrorVerbosityLevel,653,NO_COVERAGE,none
Pdp.java,org.ow2.authzforce.core.xmlns.pdp.Pdp,null,getCombiningAlgorithms,240,NO_COVERAGE,none
Pdp.java,org.ow2.authzforce.core.xmlns.pdp.Pdp,null,getFunctions,211,NO_COVERAGE,none
Pdp.java,org.ow2.authzforce.core.xmlns.pdp.Pdp,null,getIoProcChains,370,NO_COVERAGE,none
Pdp.java,org.ow2.authzforce.core.xmlns.pdp.Pdp,null,getMaxIntegerValue,577,NO_COVERAGE,none
Pdp.java,org.ow2.authzforce.core.xmlns.pdp.Pdp,null,getStandardEnvAttributeSource,493,NO_COVERAGE,none
Pdp.java,org.ow2.authzforce.core.xmlns.pdp.Pdp,false,isEnableXPath,521,NO_COVERAGE,none
Pdp.java,org.ow2.authzforce.core.xmlns.pdp.Pdp,true,isEnableXPath,521,NO_COVERAGE,none
Pdp.java,org.ow2.authzforce.core.xmlns.pdp.Pdp,false,isStrictAttributeIssuerMatch,549,NO_COVERAGE,none
Pdp.java,org.ow2.authzforce.core.xmlns.pdp.Pdp,true,isStrictAttributeIssuerMatch,549,NO_COVERAGE,none
Pdp.java,org.ow2.authzforce.core.xmlns.pdp.Pdp,false,isUseStandardCombiningAlgorithms,465,NO_COVERAGE,none
Pdp.java,org.ow2.authzforce.core.xmlns.pdp.Pdp,true,isUseStandardCombiningAlgorithms,465,NO_COVERAGE,none
Pdp.java,org.ow2.authzforce.core.xmlns.pdp.Pdp,false,isUseStandardDatatypes,409,NO_COVERAGE,none
Pdp.java,org.ow2.authzforce.core.xmlns.pdp.Pdp,true,isUseStandardDatatypes,409,NO_COVERAGE,none
Pdp.java,org.ow2.authzforce.core.xmlns.pdp.Pdp,false,isUseStandardFunctions,437,NO_COVERAGE,none
Pdp.java,org.ow2.authzforce.core.xmlns.pdp.Pdp,true,isUseStandardFunctions,437,NO_COVERAGE,none
IndividualDecisionRequestContext.java,org.ow2.authzforce.core.pdp.impl.IndividualDecisionRequestContext,null,getAttributeSelectorResult,176,NO_COVERAGE,none
IndividualDecisionRequestContext.java,org.ow2.authzforce.core.pdp.impl.IndividualDecisionRequestContext,null,getAttributesContent,169,NO_COVERAGE,none
IndividualDecisionRequestContext.java,org.ow2.authzforce.core.pdp.impl.IndividualDecisionRequestContext,null,getListener,314,NO_COVERAGE,none
IndividualDecisionRequestContext.java,org.ow2.authzforce.core.pdp.impl.IndividualDecisionRequestContext,null,getNamedAttributeValue,121,NO_COVERAGE,none
IndividualDecisionRequestContext.java,org.ow2.authzforce.core.pdp.impl.IndividualDecisionRequestContext,null,getNamedAttributes,295,NO_COVERAGE,none
IndividualDecisionRequestContext.java,org.ow2.authzforce.core.pdp.impl.IndividualDecisionRequestContext,null,getVariableValue,227,NO_COVERAGE,none
IndividualDecisionRequestContext.java,org.ow2.authzforce.core.pdp.impl.IndividualDecisionRequestContext,false,putAttributeSelectorResultIfAbsent,204,NO_COVERAGE,none
IndividualDecisionRequestContext.java,org.ow2.authzforce.core.pdp.impl.IndividualDecisionRequestContext,true,putAttributeSelectorResultIfAbsent,204,NO_COVERAGE,none
IndividualDecisionRequestContext.java,org.ow2.authzforce.core.pdp.impl.IndividualDecisionRequestContext,null,putListener,308,NO_COVERAGE,none
IndividualDecisionRequestContext.java,org.ow2.authzforce.core.pdp.impl.IndividualDecisionRequestContext,false,putNamedAttributeValueIfAbsent,146,NO_COVERAGE,none
IndividualDecisionRequestContext.java,org.ow2.authzforce.core.pdp.impl.IndividualDecisionRequestContext,true,putNamedAttributeValueIfAbsent,146,NO_COVERAGE,none
IndividualDecisionRequestContext.java,org.ow2.authzforce.core.pdp.impl.IndividualDecisionRequestContext,void,putOther,281,NO_COVERAGE,none
IndividualDecisionRequestContext.java,org.ow2.authzforce.core.pdp.impl.IndividualDecisionRequestContext,false,putVariableIfAbsent,247,NO_COVERAGE,none
IndividualDecisionRequestContext.java,org.ow2.authzforce.core.pdp.impl.IndividualDecisionRequestContext,true,putVariableIfAbsent,247,NO_COVERAGE,none
IndividualDecisionRequestContext.java,org.ow2.authzforce.core.pdp.impl.IndividualDecisionRequestContext,null,removeVariable,260,NO_COVERAGE,none
AttributeSelectorExpressions.java,org.ow2.authzforce.core.pdp.impl.expression.AttributeSelectorExpressions$ExtensibleAttributeSelectorExpression,null,checkContextForCachedEvalResult,289,NO_COVERAGE,none
AttributeSelectorExpressions.java,org.ow2.authzforce.core.pdp.impl.expression.AttributeSelectorExpressions$ExtensibleAttributeSelectorExpression,false,equals,570,NO_COVERAGE,none
AttributeSelectorExpressions.java,org.ow2.authzforce.core.pdp.impl.expression.AttributeSelectorExpressions$ExtensibleAttributeSelectorExpression,true,equals,570,NO_COVERAGE,none
AttributeSelectorExpressions.java,org.ow2.authzforce.core.pdp.impl.expression.AttributeSelectorExpressions$ExtensibleAttributeSelectorExpression,null,evaluate,424,NO_COVERAGE,none
AttributeSelectorExpressions.java,org.ow2.authzforce.core.pdp.impl.expression.AttributeSelectorExpressions$ExtensibleAttributeSelectorExpression,null,evaluate,486,NO_COVERAGE,none
AttributeSelectorExpressions.java,org.ow2.authzforce.core.pdp.impl.expression.AttributeSelectorExpressions$ExtensibleAttributeSelectorExpression,null,evaluateFinal,345,NO_COVERAGE,none
AttributeSelectorExpressions.java,org.ow2.authzforce.core.pdp.impl.expression.AttributeSelectorExpressions$ExtensibleAttributeSelectorExpression,"",getDescription,114,NO_COVERAGE,none
AttributeSelectorExpressions.java,org.ow2.authzforce.core.pdp.impl.expression.AttributeSelectorExpressions$ExtensibleAttributeSelectorExpression,"A",getDescription,114,NO_COVERAGE,none
AttributeSelectorExpressions.java,org.ow2.authzforce.core.pdp.impl.expression.AttributeSelectorExpressions$ExtensibleAttributeSelectorExpression,null,getDescription,114,NO_COVERAGE,none
AttributeSelectorExpressions.java,org.ow2.authzforce.core.pdp.impl.expression.AttributeSelectorExpressions$ExtensibleAttributeSelectorExpression,null,getValue,197,NO_COVERAGE,none
AttributeSelectorExpressions.java,org.ow2.authzforce.core.pdp.impl.expression.AttributeSelectorExpressions$ExtensibleAttributeSelectorExpression,null,getXPath,514,NO_COVERAGE,none
AttributeSelectorExpressions.java,org.ow2.authzforce.core.pdp.impl.expression.AttributeSelectorExpressions$ExtensibleAttributeSelectorExpression,null,handleRecoverableIndeterminate,333,NO_COVERAGE,none
AttributeSelectorExpressions.java,org.ow2.authzforce.core.pdp.impl.expression.AttributeSelectorExpressions$ExtensibleAttributeSelectorExpression,null,xdmToJaxbAttributeValue,123,NO_COVERAGE,none
PdpEngineConfiguration.java,org.ow2.authzforce.core.pdp.impl.PdpEngineConfiguration,null,getInstance,629,NO_COVERAGE,none
PdpEngineConfiguration.java,org.ow2.authzforce.core.pdp.impl.PdpEngineConfiguration,null,getInstance,494,NO_COVERAGE,none
PdpEngineConfiguration.java,org.ow2.authzforce.core.pdp.impl.PdpEngineConfiguration,null,getInstance,699,NO_COVERAGE,none
PdpEngineConfiguration.java,org.ow2.authzforce.core.pdp.impl.PdpEngineConfiguration,null,getInstance,682,NO_COVERAGE,none
PdpEngineConfiguration.java,org.ow2.authzforce.core.pdp.impl.PdpEngineConfiguration,null,getInstance,540,NO_COVERAGE,none
PdpEngineConfiguration.java,org.ow2.authzforce.core.pdp.impl.PdpEngineConfiguration,null,getInstance,460,NO_COVERAGE,none
PdpEngineConfiguration.java,org.ow2.authzforce.core.pdp.impl.PdpEngineConfiguration,false,isXpathBased,113,NO_COVERAGE,none
PdpEngineConfiguration.java,org.ow2.authzforce.core.pdp.impl.PdpEngineConfiguration,true,isXpathBased,113,NO_COVERAGE,none
PdpEngineConfiguration.java,org.ow2.authzforce.core.pdp.impl.PdpEngineConfiguration,null,newAttributeProviderProviderFactory,131,NO_COVERAGE,none
PdpEngineConfiguration.java,org.ow2.authzforce.core.pdp.impl.PdpEngineConfiguration,null,newDecisionCache,153,NO_COVERAGE,none
PdpEngineConfiguration.java,org.ow2.authzforce.core.pdp.impl.PdpEngineConfiguration,null,newRefPolicyProvider,138,NO_COVERAGE,none
PdpEngineConfiguration.java,org.ow2.authzforce.core.pdp.impl.PdpEngineConfiguration,null,newRootPolicyProvider,146,NO_COVERAGE,none
DPOverridesCombiningAlg.java,org.ow2.authzforce.core.pdp.impl.combining.DPOverridesCombiningAlg$OverridingEffectFirstRuleCollector,void,addNonEmptyRuleWithOverriddenEffectButNoPepAction,720,NO_COVERAGE,none
DPOverridesCombiningAlg.java,org.ow2.authzforce.core.pdp.impl.combining.DPOverridesCombiningAlg$OverridingEffectFirstRuleCollector,void,addRuleWithOverriddenEffectAndPepActions,727,NO_COVERAGE,none
DPOverridesCombiningAlg.java,org.ow2.authzforce.core.pdp.impl.combining.DPOverridesCombiningAlg$OverridingEffectFirstRuleCollector,null,getDPOverridesRuleCombiningAlgEvaluator,800,NO_COVERAGE,none
DPOverridesCombiningAlg.java,org.ow2.authzforce.core.pdp.impl.combining.DPOverridesCombiningAlg$OverridingEffectFirstRuleCollector,null,getRuleCombiningAlgEvaluatorAssumingAllWithOverriddenEffect,793,NO_COVERAGE,none
DPOverridesCombiningAlg.java,org.ow2.authzforce.core.pdp.impl.combining.DPOverridesCombiningAlg$OverridingEffectFirstRuleCollector,null,getRuleCombiningAlgEvaluatorAssumingAllWithOverridingEffect,768,NO_COVERAGE,none
DPOverridesCombiningAlg.java,org.ow2.authzforce.core.pdp.impl.combining.DPOverridesCombiningAlg$OverridingEffectFirstRuleCollector,null,getRulesWithOverriddenEffect,774,NO_COVERAGE,none
DPOverridesCombiningAlg.java,org.ow2.authzforce.core.pdp.impl.combining.DPOverridesCombiningAlg$OverridingEffectFirstRuleCollector,false,hasRuleWithOverriddenEffect,756,NO_COVERAGE,none
DPOverridesCombiningAlg.java,org.ow2.authzforce.core.pdp.impl.combining.DPOverridesCombiningAlg$OverridingEffectFirstRuleCollector,true,hasRuleWithOverriddenEffect,756,NO_COVERAGE,none
DPOverridesCombiningAlg.java,org.ow2.authzforce.core.pdp.impl.combining.DPOverridesCombiningAlg$OverridingEffectFirstRuleCollector,false,hasRuleWithOverriddenEffectAndPepAction,762,NO_COVERAGE,none
DPOverridesCombiningAlg.java,org.ow2.authzforce.core.pdp.impl.combining.DPOverridesCombiningAlg$OverridingEffectFirstRuleCollector,true,hasRuleWithOverriddenEffectAndPepAction,762,NO_COVERAGE,none
DPOverridesCombiningAlg.java,org.ow2.authzforce.core.pdp.impl.combining.DPOverridesCombiningAlg$OverridingEffectFirstRuleCollector,false,hasRuleWithOverridingEffect,750,NO_COVERAGE,none
DPOverridesCombiningAlg.java,org.ow2.authzforce.core.pdp.impl.combining.DPOverridesCombiningAlg$OverridingEffectFirstRuleCollector,true,hasRuleWithOverridingEffect,750,NO_COVERAGE,none
SchemaHandler.java,org.ow2.authzforce.core.pdp.impl.SchemaHandler$OASISCatalogManager,null,getResolver,162,NO_COVERAGE,none
SchemaHandler.java,org.ow2.authzforce.core.pdp.impl.SchemaHandler$OASISCatalogManager,void,loadCatalog,221,NO_COVERAGE,none
SchemaHandler.java,org.ow2.authzforce.core.pdp.impl.SchemaHandler$OASISCatalogManager,"",resolvePublic,274,NO_COVERAGE,none
SchemaHandler.java,org.ow2.authzforce.core.pdp.impl.SchemaHandler$OASISCatalogManager,"A",resolvePublic,274,NO_COVERAGE,none
SchemaHandler.java,org.ow2.authzforce.core.pdp.impl.SchemaHandler$OASISCatalogManager,null,resolvePublic,274,NO_COVERAGE,none
SchemaHandler.java,org.ow2.authzforce.core.pdp.impl.SchemaHandler$OASISCatalogManager,"",resolveSystem,254,NO_COVERAGE,none
SchemaHandler.java,org.ow2.authzforce.core.pdp.impl.SchemaHandler$OASISCatalogManager,"A",resolveSystem,254,NO_COVERAGE,none
SchemaHandler.java,org.ow2.authzforce.core.pdp.impl.SchemaHandler$OASISCatalogManager,null,resolveSystem,254,NO_COVERAGE,none
SchemaHandler.java,org.ow2.authzforce.core.pdp.impl.SchemaHandler$OASISCatalogManager,"",resolveURI,264,NO_COVERAGE,none
SchemaHandler.java,org.ow2.authzforce.core.pdp.impl.SchemaHandler$OASISCatalogManager,"A",resolveURI,264,NO_COVERAGE,none
SchemaHandler.java,org.ow2.authzforce.core.pdp.impl.SchemaHandler$OASISCatalogManager,null,resolveURI,264,NO_COVERAGE,none
SchemaHandler.java,org.ow2.authzforce.core.pdp.impl.SchemaHandler$LSInputImpl,false,getCertifiedText,401,NO_COVERAGE,none
SchemaHandler.java,org.ow2.authzforce.core.pdp.impl.SchemaHandler$LSInputImpl,true,getCertifiedText,401,NO_COVERAGE,none
SchemaHandler.java,org.ow2.authzforce.core.pdp.impl.SchemaHandler$LSInputImpl,void,setBaseURI,379,NO_COVERAGE,none
SchemaHandler.java,org.ow2.authzforce.core.pdp.impl.SchemaHandler$LSInputImpl,void,setByteStream,335,NO_COVERAGE,none
SchemaHandler.java,org.ow2.authzforce.core.pdp.impl.SchemaHandler$LSInputImpl,void,setCertifiedText,407,NO_COVERAGE,none
SchemaHandler.java,org.ow2.authzforce.core.pdp.impl.SchemaHandler$LSInputImpl,void,setCharacterStream,329,NO_COVERAGE,none
SchemaHandler.java,org.ow2.authzforce.core.pdp.impl.SchemaHandler$LSInputImpl,void,setEncoding,395,NO_COVERAGE,none
SchemaHandler.java,org.ow2.authzforce.core.pdp.impl.SchemaHandler$LSInputImpl,void,setPublicId,363,NO_COVERAGE,none
SchemaHandler.java,org.ow2.authzforce.core.pdp.impl.SchemaHandler$LSInputImpl,void,setStringData,351,NO_COVERAGE,none
SchemaHandler.java,org.ow2.authzforce.core.pdp.impl.SchemaHandler$LSInputImpl,void,setSystemId,357,NO_COVERAGE,none
PolicyEvaluators.java,org.ow2.authzforce.core.pdp.impl.policy.PolicyEvaluators,null,getInstance,1360,NO_COVERAGE,none
PolicyEvaluators.java,org.ow2.authzforce.core.pdp.impl.policy.PolicyEvaluators,null,getInstance,2300,NO_COVERAGE,none
PolicyEvaluators.java,org.ow2.authzforce.core.pdp.impl.policy.PolicyEvaluators,null,getInstance,2348,NO_COVERAGE,none
PolicyEvaluators.java,org.ow2.authzforce.core.pdp.impl.policy.PolicyEvaluators,null,getInstance,1633,NO_COVERAGE,none
PolicyEvaluators.java,org.ow2.authzforce.core.pdp.impl.policy.PolicyEvaluators,null,getInstanceGeneric,1599,NO_COVERAGE,none
PolicyEvaluators.java,org.ow2.authzforce.core.pdp.impl.policy.PolicyEvaluators,null,getInstanceGeneric,1923,NO_COVERAGE,none
PolicyEvaluators.java,org.ow2.authzforce.core.pdp.impl.policy.PolicyEvaluators,null,getInstanceStatic,2213,NO_COVERAGE,none
PolicyEvaluators.java,org.ow2.authzforce.core.pdp.impl.policy.PolicyEvaluators,null,getInstanceStatic,2259,NO_COVERAGE,none
PolicyEvaluators.java,org.ow2.authzforce.core.pdp.impl.policy.PolicyEvaluators,null,getInstanceStatic,1668,NO_COVERAGE,none
PolicyEvaluators.java,org.ow2.authzforce.core.pdp.impl.policy.PolicyEvaluators,null,newPolicyRefExtraMetadata,892,NO_COVERAGE,none
DPOverridesCombiningAlg.java,org.ow2.authzforce.core.pdp.impl.combining.DPOverridesCombiningAlg$OrderPreservingRuleCollector,void,addFirstEmptyRuleWithOverriddenEffect,630,NO_COVERAGE,none
DPOverridesCombiningAlg.java,org.ow2.authzforce.core.pdp.impl.combining.DPOverridesCombiningAlg$OrderPreservingRuleCollector,void,addNonEmptyRuleWithOverriddenEffectButNoPepAction,614,NO_COVERAGE,none
DPOverridesCombiningAlg.java,org.ow2.authzforce.core.pdp.impl.combining.DPOverridesCombiningAlg$OrderPreservingRuleCollector,void,addNonEmptyRuleWithOverridingEffect,607,NO_COVERAGE,none
DPOverridesCombiningAlg.java,org.ow2.authzforce.core.pdp.impl.combining.DPOverridesCombiningAlg$OrderPreservingRuleCollector,void,addRuleWithOverriddenEffectAndPepActions,622,NO_COVERAGE,none
DPOverridesCombiningAlg.java,org.ow2.authzforce.core.pdp.impl.combining.DPOverridesCombiningAlg$OrderPreservingRuleCollector,null,getDPOverridesRuleCombiningAlgEvaluator,691,NO_COVERAGE,none
DPOverridesCombiningAlg.java,org.ow2.authzforce.core.pdp.impl.combining.DPOverridesCombiningAlg$OrderPreservingRuleCollector,null,getRuleCombiningAlgEvaluatorAssumingAllWithOverriddenEffect,684,NO_COVERAGE,none
DPOverridesCombiningAlg.java,org.ow2.authzforce.core.pdp.impl.combining.DPOverridesCombiningAlg$OrderPreservingRuleCollector,null,getRuleCombiningAlgEvaluatorAssumingAllWithOverridingEffect,677,NO_COVERAGE,none
DPOverridesCombiningAlg.java,org.ow2.authzforce.core.pdp.impl.combining.DPOverridesCombiningAlg$OrderPreservingRuleCollector,false,hasRuleWithOverriddenEffect,665,NO_COVERAGE,none
DPOverridesCombiningAlg.java,org.ow2.authzforce.core.pdp.impl.combining.DPOverridesCombiningAlg$OrderPreservingRuleCollector,true,hasRuleWithOverriddenEffect,665,NO_COVERAGE,none
DepthLimitingExpressionFactory.java,org.ow2.authzforce.core.pdp.impl.expression.DepthLimitingExpressionFactory,null,addVariable,367,NO_COVERAGE,none
DepthLimitingExpressionFactory.java,org.ow2.authzforce.core.pdp.impl.expression.DepthLimitingExpressionFactory,void,close,621,NO_COVERAGE,none
DepthLimitingExpressionFactory.java,org.ow2.authzforce.core.pdp.impl.expression.DepthLimitingExpressionFactory,null,getFunction,492,KILLED,org.ow2.authzforce.core.pdp.impl.test.func.DateTimeArithmeticFunctionsTest.testEvaluate[1: urn:oasis:names:tc:xacml:3.0:function:dateTime-add-dayTimeDuration](org.ow2.authzforce.core.pdp.impl.test.func.DateTimeArithmeticFunctionsTest)
DepthLimitingExpressionFactory.java,org.ow2.authzforce.core.pdp.impl.expression.DepthLimitingExpressionFactory,null,getFunction,510,KILLED,org.ow2.authzforce.core.pdp.impl.test.func.DateTimeArithmeticFunctionsTest.testEvaluate[1: urn:oasis:names:tc:xacml:3.0:function:dateTime-add-dayTimeDuration](org.ow2.authzforce.core.pdp.impl.test.func.DateTimeArithmeticFunctionsTest)
DepthLimitingExpressionFactory.java,org.ow2.authzforce.core.pdp.impl.expression.DepthLimitingExpressionFactory,null,getInstance,614,NO_COVERAGE,none
DepthLimitingExpressionFactory.java,org.ow2.authzforce.core.pdp.impl.expression.DepthLimitingExpressionFactory,null,getInstance,532,NO_COVERAGE,none
DepthLimitingExpressionFactory.java,org.ow2.authzforce.core.pdp.impl.expression.DepthLimitingExpressionFactory,null,getVariable,443,NO_COVERAGE,none
DepthLimitingExpressionFactory.java,org.ow2.authzforce.core.pdp.impl.expression.DepthLimitingExpressionFactory,null,newVariableReference,344,NO_COVERAGE,none
DepthLimitingExpressionFactory.java,org.ow2.authzforce.core.pdp.impl.expression.DepthLimitingExpressionFactory,null,removeVariable,421,NO_COVERAGE,none
PolicyEvaluators.java,org.ow2.authzforce.core.pdp.impl.policy.PolicyEvaluators$DynamicTopLevelPolicyElementRefEvaluator,void,checkJoinedPolicySetRefChain,1167,NO_COVERAGE,none
PolicyEvaluators.java,org.ow2.authzforce.core.pdp.impl.policy.PolicyEvaluators$DynamicTopLevelPolicyElementRefEvaluator,null,evaluate,1236,NO_COVERAGE,none
PolicyEvaluators.java,org.ow2.authzforce.core.pdp.impl.policy.PolicyEvaluators$DynamicTopLevelPolicyElementRefEvaluator,null,getPolicyRefsMetadata,1271,NO_COVERAGE,none
PolicyEvaluators.java,org.ow2.authzforce.core.pdp.impl.policy.PolicyEvaluators$DynamicTopLevelPolicyElementRefEvaluator,null,getPolicyVersion,1264,NO_COVERAGE,none
PolicyEvaluators.java,org.ow2.authzforce.core.pdp.impl.policy.PolicyEvaluators$DynamicTopLevelPolicyElementRefEvaluator,false,isApplicableByTarget,1252,NO_COVERAGE,none
PolicyEvaluators.java,org.ow2.authzforce.core.pdp.impl.policy.PolicyEvaluators$DynamicTopLevelPolicyElementRefEvaluator,true,isApplicableByTarget,1252,NO_COVERAGE,none
PolicyEvaluators.java,org.ow2.authzforce.core.pdp.impl.policy.PolicyEvaluators$DynamicTopLevelPolicyElementRefEvaluator,null,resolve,1192,NO_COVERAGE,none
PolicyEvaluators.java,org.ow2.authzforce.core.pdp.impl.policy.PolicyEvaluators$DynamicTopLevelPolicyElementRefEvaluator,null,resolvePolicy,1173,NO_COVERAGE,none
PdpBean.java,org.ow2.authzforce.core.pdp.impl.PdpBean,void,checkInit,133,NO_COVERAGE,none
PdpBean.java,org.ow2.authzforce.core.pdp.impl.PdpBean,null,evaluate,169,NO_COVERAGE,none
PdpBean.java,org.ow2.authzforce.core.pdp.impl.PdpBean,null,evaluate,161,NO_COVERAGE,none
PdpBean.java,org.ow2.authzforce.core.pdp.impl.PdpBean,false,init,106,NO_COVERAGE,none
PdpBean.java,org.ow2.authzforce.core.pdp.impl.PdpBean,true,init,106,NO_COVERAGE,none
PdpBean.java,org.ow2.authzforce.core.pdp.impl.PdpBean,void,setCatalogFile,100,NO_COVERAGE,none
PdpBean.java,org.ow2.authzforce.core.pdp.impl.PdpBean,void,setConfigFile,70,NO_COVERAGE,none
PdpBean.java,org.ow2.authzforce.core.pdp.impl.PdpBean,void,setSchemaFile,85,NO_COVERAGE,none
PdpExtensions.java,org.ow2.authzforce.core.pdp.impl.PdpExtensions,null,getAttributeProviderFactoryBuilder,208,NO_COVERAGE,none
PdpExtensions.java,org.ow2.authzforce.core.pdp.impl.PdpExtensions,null,getDecisionCacheFactory,291,NO_COVERAGE,none
PdpExtensions.java,org.ow2.authzforce.core.pdp.impl.PdpExtensions,null,getExtension,176,NO_COVERAGE,none
PdpExtensions.java,org.ow2.authzforce.core.pdp.impl.PdpExtensions,null,getExtensionJaxbClasses,135,NO_COVERAGE,none
PdpExtensions.java,org.ow2.authzforce.core.pdp.impl.PdpExtensions,null,getNonJaxbBoundExtensionIDs,149,NO_COVERAGE,none
PdpExtensions.java,org.ow2.authzforce.core.pdp.impl.PdpExtensions,null,getRefPolicyProviderFactory,235,NO_COVERAGE,none
PdpExtensions.java,org.ow2.authzforce.core.pdp.impl.PdpExtensions,null,getRootPolicyProviderFactory,265,NO_COVERAGE,none
SubstringFunction.java,org.ow2.authzforce.core.pdp.impl.func.SubstringFunction,"",getInvalidArg1MessagePrefix,142,SURVIVED,none
SubstringFunction.java,org.ow2.authzforce.core.pdp.impl.func.SubstringFunction,"A",getInvalidArg1MessagePrefix,142,SURVIVED,none
SubstringFunction.java,org.ow2.authzforce.core.pdp.impl.func.SubstringFunction,null,getInvalidArg1MessagePrefix,142,SURVIVED,none
SubstringFunction.java,org.ow2.authzforce.core.pdp.impl.func.SubstringFunction,"",getInvalidArg2MessagePrefix,147,NO_COVERAGE,none
SubstringFunction.java,org.ow2.authzforce.core.pdp.impl.func.SubstringFunction,"A",getInvalidArg2MessagePrefix,147,NO_COVERAGE,none
SubstringFunction.java,org.ow2.authzforce.core.pdp.impl.func.SubstringFunction,null,getInvalidArg2MessagePrefix,147,NO_COVERAGE,none
SubstringFunction.java,org.ow2.authzforce.core.pdp.impl.func.SubstringFunction,null,newCall,154,KILLED,org.ow2.authzforce.core.pdp.impl.test.func.StringFunctionsTest.testEvaluate[61: urn:oasis:names:tc:xacml:3.0:function:string-substring](org.ow2.authzforce.core.pdp.impl.test.func.StringFunctionsTest)
FlattenedPolicyTree.java,org.ow2.authzforce.core.pdp.impl.policy.FlattenedPolicyTree,null,getMapOfRefPolicies,141,NO_COVERAGE,none
FlattenedPolicyTree.java,org.ow2.authzforce.core.pdp.impl.policy.FlattenedPolicyTree,null,getMapOfRefPolicySets,152,NO_COVERAGE,none
FlattenedPolicyTree.java,org.ow2.authzforce.core.pdp.impl.policy.FlattenedPolicyTree,null,getPolicy,185,NO_COVERAGE,none
FlattenedPolicyTree.java,org.ow2.authzforce.core.pdp.impl.policy.FlattenedPolicyTree,void,initMaps,90,NO_COVERAGE,none
FlattenedPolicyTree.java,org.ow2.authzforce.core.pdp.impl.policy.FlattenedPolicyTree,null,iterator,195,NO_COVERAGE,none
FlattenedPolicyTree.java,org.ow2.authzforce.core.pdp.impl.policy.FlattenedPolicyTree,null,policyIterator,170,NO_COVERAGE,none
PolicyEvaluators.java,org.ow2.authzforce.core.pdp.impl.policy.PolicyEvaluators$PolicyRefEvaluator,false,equals,862,NO_COVERAGE,none
PolicyEvaluators.java,org.ow2.authzforce.core.pdp.impl.policy.PolicyEvaluators$PolicyRefEvaluator,true,equals,862,NO_COVERAGE,none
PolicyEvaluators.java,org.ow2.authzforce.core.pdp.impl.policy.PolicyEvaluators$PolicyRefEvaluator,null,evaluate,816,NO_COVERAGE,none
PolicyEvaluators.java,org.ow2.authzforce.core.pdp.impl.policy.PolicyEvaluators$PolicyRefEvaluator,"",toString,800,NO_COVERAGE,none
PolicyEvaluators.java,org.ow2.authzforce.core.pdp.impl.policy.PolicyEvaluators$PolicyRefEvaluator,"A",toString,800,NO_COVERAGE,none
PolicyEvaluators.java,org.ow2.authzforce.core.pdp.impl.policy.PolicyEvaluators$PolicyRefEvaluator,null,toString,800,NO_COVERAGE,none
DPOverridesCombiningAlg.java,org.ow2.authzforce.core.pdp.impl.combining.DPOverridesCombiningAlg$OrderPreservingCombiningAlgEvaluator$DecisionResultCollector,void,addSubResultDP,121,NO_COVERAGE,none
DPOverridesCombiningAlg.java,org.ow2.authzforce.core.pdp.impl.combining.DPOverridesCombiningAlg$OrderPreservingCombiningAlgEvaluator$DecisionResultCollector,void,addSubResultIndeterminateDP,160,NO_COVERAGE,none
DPOverridesCombiningAlg.java,org.ow2.authzforce.core.pdp.impl.combining.DPOverridesCombiningAlg$OrderPreservingCombiningAlgEvaluator$DecisionResultCollector,void,addSubResultIndeterminateInOverriddenEffect,148,NO_COVERAGE,none
DPOverridesCombiningAlg.java,org.ow2.authzforce.core.pdp.impl.combining.DPOverridesCombiningAlg$OrderPreservingCombiningAlgEvaluator$DecisionResultCollector,void,addSubResultIndeterminateInOverridingEffect,136,NO_COVERAGE,none
DPOverridesCombiningAlg.java,org.ow2.authzforce.core.pdp.impl.combining.DPOverridesCombiningAlg$OrderPreservingCombiningAlgEvaluator$DecisionResultCollector,null,getApplicablePolicies,109,NO_COVERAGE,none
AttributeSelectorExpressions.java,org.ow2.authzforce.core.pdp.impl.expression.AttributeSelectorExpressions$AttributeSelectorExpressionWithContextSelector,null,getContextSelectorFQN,646,NO_COVERAGE,none
AttributeSelectorExpressions.java,org.ow2.authzforce.core.pdp.impl.expression.AttributeSelectorExpressions$AttributeSelectorExpressionWithContextSelector,null,getFinalXPathEvaluationContextItem,652,NO_COVERAGE,none
AttributeSelectorExpressions.java,org.ow2.authzforce.core.pdp.impl.expression.AttributeSelectorExpressions$AttributeSelectorExpressionWithContextSelector,"",getXPathEvalExceptionMsgSuffix,625,NO_COVERAGE,none
AttributeSelectorExpressions.java,org.ow2.authzforce.core.pdp.impl.expression.AttributeSelectorExpressions$AttributeSelectorExpressionWithContextSelector,"A",getXPathEvalExceptionMsgSuffix,625,NO_COVERAGE,none
AttributeSelectorExpressions.java,org.ow2.authzforce.core.pdp.impl.expression.AttributeSelectorExpressions$AttributeSelectorExpressionWithContextSelector,null,getXPathEvalExceptionMsgSuffix,625,NO_COVERAGE,none
ObjectFactory.java,org.ow2.authzforce.core.xmlns.pdp.ObjectFactory,null,createInOutProcChain,52,NO_COVERAGE,none
ObjectFactory.java,org.ow2.authzforce.core.xmlns.pdp.ObjectFactory,null,createPdp,44,NO_COVERAGE,none
ObjectFactory.java,org.ow2.authzforce.core.xmlns.pdp.ObjectFactory,null,createStaticRefBasedRootPolicyProvider,76,NO_COVERAGE,none
ObjectFactory.java,org.ow2.authzforce.core.xmlns.pdp.ObjectFactory,null,createStaticRefPolicyProvider,68,NO_COVERAGE,none
ObjectFactory.java,org.ow2.authzforce.core.xmlns.pdp.ObjectFactory,null,createStaticRootPolicyProvider,60,NO_COVERAGE,none
PdpEngineAdapters.java,org.ow2.authzforce.core.pdp.impl.io.PdpEngineAdapters,null,newInoutAdapter,161,NO_COVERAGE,none
PdpEngineAdapters.java,org.ow2.authzforce.core.pdp.impl.io.PdpEngineAdapters,null,newInoutAdapter,96,NO_COVERAGE,none
PdpEngineAdapters.java,org.ow2.authzforce.core.pdp.impl.io.PdpEngineAdapters,null,newInoutAdapter,213,NO_COVERAGE,none
PdpEngineAdapters.java,org.ow2.authzforce.core.pdp.impl.io.PdpEngineAdapters,null,newInoutAdapter,60,NO_COVERAGE,none
PdpEngineAdapters.java,org.ow2.authzforce.core.pdp.impl.io.PdpEngineAdapters,null,newXacmlJaxbInoutAdapter,250,NO_COVERAGE,none
PolicyEvaluators.java,org.ow2.authzforce.core.pdp.impl.policy.PolicyEvaluators$BaseTopLevelPolicyElementEvaluator,null,enforceNoNullCauseForIndeterminate,360,NO_COVERAGE,none
PolicyEvaluators.java,org.ow2.authzforce.core.pdp.impl.policy.PolicyEvaluators$BaseTopLevelPolicyElementEvaluator,false,equals,732,NO_COVERAGE,none
PolicyEvaluators.java,org.ow2.authzforce.core.pdp.impl.policy.PolicyEvaluators$BaseTopLevelPolicyElementEvaluator,true,equals,732,NO_COVERAGE,none
PolicyEvaluators.java,org.ow2.authzforce.core.pdp.impl.policy.PolicyEvaluators$BaseTopLevelPolicyElementEvaluator,null,evaluate,689,NO_COVERAGE,none
PolicyEvaluators.java,org.ow2.authzforce.core.pdp.impl.policy.PolicyEvaluators$BaseTopLevelPolicyElementEvaluator,null,evaluate,503,NO_COVERAGE,none
ImmutableCombiningAlgRegistry.java,org.ow2.authzforce.core.pdp.impl.combining.ImmutableCombiningAlgRegistry,null,getAlgorithm,58,NO_COVERAGE,none
ImmutableCombiningAlgRegistry.java,org.ow2.authzforce.core.pdp.impl.combining.ImmutableCombiningAlgRegistry,"",toString,52,NO_COVERAGE,none
ImmutableCombiningAlgRegistry.java,org.ow2.authzforce.core.pdp.impl.combining.ImmutableCombiningAlgRegistry,"A",toString,52,NO_COVERAGE,none
ImmutableCombiningAlgRegistry.java,org.ow2.authzforce.core.pdp.impl.combining.ImmutableCombiningAlgRegistry,null,toString,52,NO_COVERAGE,none
BasePdpEngine.java,org.ow2.authzforce.core.pdp.impl.BasePdpEngine$NonIssuedLikeIssuedAttributeHandlingRequestBuilder,null,build,143,NO_COVERAGE,none
BasePdpEngine.java,org.ow2.authzforce.core.pdp.impl.BasePdpEngine$NonIssuedLikeIssuedAttributeHandlingRequestBuilder,null,putContentIfAbsent,137,NO_COVERAGE,none
BasePdpEngine.java,org.ow2.authzforce.core.pdp.impl.BasePdpEngine$NonIssuedLikeIssuedAttributeHandlingRequestBuilder,null,putNamedAttributeIfAbsent,131,NO_COVERAGE,none
BasePdpEngine.java,org.ow2.authzforce.core.pdp.impl.BasePdpEngine$NonIssuedLikeIssuedAttributeHandlingRequestBuilder,void,reset,149,NO_COVERAGE,none
GenericAttributeProviderBasedAttributeDesignatorExpression.java,org.ow2.authzforce.core.pdp.impl.expression.GenericAttributeProviderBasedAttributeDesignatorExpression,false,equals,185,NO_COVERAGE,none
GenericAttributeProviderBasedAttributeDesignatorExpression.java,org.ow2.authzforce.core.pdp.impl.expression.GenericAttributeProviderBasedAttributeDesignatorExpression,true,equals,185,NO_COVERAGE,none
GenericAttributeProviderBasedAttributeDesignatorExpression.java,org.ow2.authzforce.core.pdp.impl.expression.GenericAttributeProviderBasedAttributeDesignatorExpression,null,evaluate,125,NO_COVERAGE,none
GenericAttributeProviderBasedAttributeDesignatorExpression.java,org.ow2.authzforce.core.pdp.impl.expression.GenericAttributeProviderBasedAttributeDesignatorExpression,null,getValue,69,NO_COVERAGE,none
TimeRangeComparisonFunction.java,org.ow2.authzforce.core.pdp.impl.func.TimeRangeComparisonFunction$Call,false,eval,99,KILLED,org.ow2.authzforce.core.pdp.impl.test.func.NonNumericComparisonFunctionsTest.testEvaluate[25: urn:oasis:names:tc:xacml:2.0:function:time-in-range](org.ow2.authzforce.core.pdp.impl.test.func.NonNumericComparisonFunctionsTest)
TimeRangeComparisonFunction.java,org.ow2.authzforce.core.pdp.impl.func.TimeRangeComparisonFunction$Call,true,eval,99,KILLED,org.ow2.authzforce.core.pdp.impl.test.func.NonNumericComparisonFunctionsTest.testEvaluate[24: urn:oasis:names:tc:xacml:2.0:function:time-in-range](org.ow2.authzforce.core.pdp.impl.test.func.NonNumericComparisonFunctionsTest)
TimeRangeComparisonFunction.java,org.ow2.authzforce.core.pdp.impl.func.TimeRangeComparisonFunction$Call,null,evaluate,181,KILLED,org.ow2.authzforce.core.pdp.impl.test.func.NonNumericComparisonFunctionsTest.testEvaluate[25: urn:oasis:names:tc:xacml:2.0:function:time-in-range](org.ow2.authzforce.core.pdp.impl.test.func.NonNumericComparisonFunctionsTest)
TimeRangeComparisonFunction.java,org.ow2.authzforce.core.pdp.impl.func.TimeRangeComparisonFunction$Call,void,setSameDate,77,SURVIVED,none
RootPolicyEvaluators.java,org.ow2.authzforce.core.pdp.impl.policy.RootPolicyEvaluators$Base,void,close,97,NO_COVERAGE,none
RootPolicyEvaluators.java,org.ow2.authzforce.core.pdp.impl.policy.RootPolicyEvaluators$Base,null,findAndEvaluate,107,NO_COVERAGE,none
RootPolicyEvaluators.java,org.ow2.authzforce.core.pdp.impl.policy.RootPolicyEvaluators$Base,null,getStaticApplicablePolicies,131,NO_COVERAGE,none
RootPolicyEvaluators.java,org.ow2.authzforce.core.pdp.impl.policy.RootPolicyEvaluators$Base,null,toStatic,150,NO_COVERAGE,none
BasePdpEngine.java,org.ow2.authzforce.core.pdp.impl.BasePdpEngine,void,close,749,NO_COVERAGE,none
BasePdpEngine.java,org.ow2.authzforce.core.pdp.impl.BasePdpEngine,null,evaluate,732,NO_COVERAGE,none
BasePdpEngine.java,org.ow2.authzforce.core.pdp.impl.BasePdpEngine,null,evaluate,714,NO_COVERAGE,none
BasePdpEngine.java,org.ow2.authzforce.core.pdp.impl.BasePdpEngine,null,newRequestBuilder,704,NO_COVERAGE,none
LogicalNOfFunction.java,org.ow2.authzforce.core.pdp.impl.func.LogicalNOfFunction,"",getInvalidArg0MessagePrefix,58,SURVIVED,none
LogicalNOfFunction.java,org.ow2.authzforce.core.pdp.impl.func.LogicalNOfFunction,"A",getInvalidArg0MessagePrefix,58,SURVIVED,none
LogicalNOfFunction.java,org.ow2.authzforce.core.pdp.impl.func.LogicalNOfFunction,null,getInvalidArg0MessagePrefix,58,SURVIVED,none
LogicalNOfFunction.java,org.ow2.authzforce.core.pdp.impl.func.LogicalNOfFunction,null,newCall,334,KILLED,org.ow2.authzforce.core.pdp.impl.test.func.LogicalFunctionsTest.testEvaluate[20: urn:oasis:names:tc:xacml:1.0:function:n-of](org.ow2.authzforce.core.pdp.impl.test.func.LogicalFunctionsTest)
CoreRefPolicyProvider.java,org.ow2.authzforce.core.pdp.impl.policy.CoreRefPolicyProvider,null,getInstance,515,NO_COVERAGE,none
CoreRefPolicyProvider.java,org.ow2.authzforce.core.pdp.impl.policy.CoreRefPolicyProvider,null,getInstance,419,NO_COVERAGE,none
CoreRefPolicyProvider.java,org.ow2.authzforce.core.pdp.impl.policy.CoreRefPolicyProvider,null,getPolicy,614,NO_COVERAGE,none
CoreRefPolicyProvider.java,org.ow2.authzforce.core.pdp.impl.policy.CoreRefPolicyProvider,null,getPolicySet,628,NO_COVERAGE,none
SchemaHandler.java,org.ow2.authzforce.core.pdp.impl.SchemaHandler$1,void,error,133,NO_COVERAGE,none
SchemaHandler.java,org.ow2.authzforce.core.pdp.impl.SchemaHandler$1,void,fatalError,139,NO_COVERAGE,none
SchemaHandler.java,org.ow2.authzforce.core.pdp.impl.SchemaHandler$1,void,warning,127,NO_COVERAGE,none
PolicyVersions.java,org.ow2.authzforce.core.pdp.impl.policy.PolicyVersions,null,getLatest,78,NO_COVERAGE,none
PolicyVersions.java,org.ow2.authzforce.core.pdp.impl.policy.PolicyVersions,null,iterator,154,NO_COVERAGE,none
PolicyVersions.java,org.ow2.authzforce.core.pdp.impl.policy.PolicyVersions,null,oldestToLatestIterator,175,NO_COVERAGE,none
DefaultEnvironmentProperties.java,org.ow2.authzforce.core.pdp.impl.DefaultEnvironmentProperties,"",replacePlaceholders,78,NO_COVERAGE,none
DefaultEnvironmentProperties.java,org.ow2.authzforce.core.pdp.impl.DefaultEnvironmentProperties,"A",replacePlaceholders,78,NO_COVERAGE,none
DefaultEnvironmentProperties.java,org.ow2.authzforce.core.pdp.impl.DefaultEnvironmentProperties,null,replacePlaceholders,78,NO_COVERAGE,none
RuleEvaluator.java,org.ow2.authzforce.core.pdp.impl.rule.RuleEvaluator,null,evaluate,449,NO_COVERAGE,none
RuleEvaluator.java,org.ow2.authzforce.core.pdp.impl.rule.RuleEvaluator,false,isEmptyEquivalent,431,NO_COVERAGE,none
RuleEvaluator.java,org.ow2.authzforce.core.pdp.impl.rule.RuleEvaluator,true,isEmptyEquivalent,431,NO_COVERAGE,none
PolicyEvaluators.java,org.ow2.authzforce.core.pdp.impl.policy.PolicyEvaluators$DynamicPolicySetElementEvaluatorFactory,null,getChildPolicyRefEvaluator,1891,NO_COVERAGE,none
PolicyEvaluators.java,org.ow2.authzforce.core.pdp.impl.policy.PolicyEvaluators$DynamicPolicySetElementEvaluatorFactory,null,getChildPolicySetEvaluator,1868,NO_COVERAGE,none
PolicyEvaluators.java,org.ow2.authzforce.core.pdp.impl.policy.PolicyEvaluators$DynamicPolicySetElementEvaluatorFactory,null,getInstance,1907,NO_COVERAGE,none
CloseableAttributeProvider.java,org.ow2.authzforce.core.pdp.impl.CloseableAttributeProvider,void,close,210,NO_COVERAGE,none
CloseableAttributeProvider.java,org.ow2.authzforce.core.pdp.impl.CloseableAttributeProvider,void,close,96,NO_COVERAGE,none
CloseableAttributeProvider.java,org.ow2.authzforce.core.pdp.impl.CloseableAttributeProvider,null,getInstance,149,NO_COVERAGE,none
SchemaHandler.java,org.ow2.authzforce.core.pdp.impl.SchemaHandler$OASISCatalogManager$1,"",getResolvedEntity,176,NO_COVERAGE,none
SchemaHandler.java,org.ow2.authzforce.core.pdp.impl.SchemaHandler$OASISCatalogManager$1,"A",getResolvedEntity,176,NO_COVERAGE,none
SchemaHandler.java,org.ow2.authzforce.core.pdp.impl.SchemaHandler$OASISCatalogManager$1,null,getResolvedEntity,176,NO_COVERAGE,none
PolicyEvaluators.java,org.ow2.authzforce.core.pdp.impl.policy.PolicyEvaluators$StaticPolicySetElementEvaluatorFactory,null,getChildPolicyRefEvaluator,1809,NO_COVERAGE,none
PolicyEvaluators.java,org.ow2.authzforce.core.pdp.impl.policy.PolicyEvaluators$StaticPolicySetElementEvaluatorFactory,null,getChildPolicySetEvaluator,1781,NO_COVERAGE,none
PolicyEvaluators.java,org.ow2.authzforce.core.pdp.impl.policy.PolicyEvaluators$StaticPolicySetElementEvaluatorFactory,null,getInstance,1830,NO_COVERAGE,none
AttributeAssignmentExpressionEvaluator.java,org.ow2.authzforce.core.pdp.impl.AttributeAssignmentExpressionEvaluator,null,evaluate,227,NO_COVERAGE,none
AttributeAssignmentExpressionEvaluator.java,org.ow2.authzforce.core.pdp.impl.AttributeAssignmentExpressionEvaluator,null,newAttributeAssignment,198,NO_COVERAGE,none
AttributeAssignmentExpressionEvaluator.java,org.ow2.authzforce.core.pdp.impl.AttributeAssignmentExpressionEvaluator,null,newAttributeAssignments,204,NO_COVERAGE,none
DPOverridesCombiningAlg.java,org.ow2.authzforce.core.pdp.impl.combining.DPOverridesCombiningAlg$OverridingEffectFirstRuleCombiningAlgEvaluator,null,evaluate,547,NO_COVERAGE,none
DPOverridesCombiningAlg.java,org.ow2.authzforce.core.pdp.impl.combining.DPOverridesCombiningAlg$OverridingEffectFirstRuleCombiningAlgEvaluator,null,evaluateRulesWithOverriddenEffect,444,NO_COVERAGE,none
DPOverridesCombiningAlg.java,org.ow2.authzforce.core.pdp.impl.combining.DPOverridesCombiningAlg$OverridingEffectFirstRuleCombiningAlgEvaluator,null,evaluateRulesWithOverriddenEffect,494,NO_COVERAGE,none
PdpModelHandler.java,org.ow2.authzforce.core.pdp.impl.PdpModelHandler,void,marshal,219,NO_COVERAGE,none
PdpModelHandler.java,org.ow2.authzforce.core.pdp.impl.PdpModelHandler,void,marshal,201,NO_COVERAGE,none
PdpModelHandler.java,org.ow2.authzforce.core.pdp.impl.PdpModelHandler,null,unmarshal,177,NO_COVERAGE,none
BasePdpEngine.java,org.ow2.authzforce.core.pdp.impl.BasePdpEngine$IndividualRequestEvaluatorWithCacheUsingEvaluationContext,null,evaluate,600,NO_COVERAGE,none
BasePdpEngine.java,org.ow2.authzforce.core.pdp.impl.BasePdpEngine$IndividualRequestEvaluatorWithCacheUsingEvaluationContext,null,evaluate,569,NO_COVERAGE,none
BasePdpEngine.java,org.ow2.authzforce.core.pdp.impl.BasePdpEngine$IndividualRequestEvaluatorWithCacheUsingEvaluationContext,null,evaluate,592,NO_COVERAGE,none
CombiningAlgEvaluators.java,org.ow2.authzforce.core.pdp.impl.combining.CombiningAlgEvaluators$RulesWithSameEffectEvaluator,null,evaluate,134,NO_COVERAGE,none
CombiningAlgEvaluators.java,org.ow2.authzforce.core.pdp.impl.combining.CombiningAlgEvaluators$RulesWithSameEffectEvaluator,false,haveSameEffect,106,NO_COVERAGE,none
CombiningAlgEvaluators.java,org.ow2.authzforce.core.pdp.impl.combining.CombiningAlgEvaluators$RulesWithSameEffectEvaluator,true,haveSameEffect,106,NO_COVERAGE,none
DPUnlessPDCombiningAlg.java,org.ow2.authzforce.core.pdp.impl.combining.DPUnlessPDCombiningAlg$OverridingEffectFirstRuleCombiningAlgEvaluator,null,evaluate,205,NO_COVERAGE,none
DPUnlessPDCombiningAlg.java,org.ow2.authzforce.core.pdp.impl.combining.DPUnlessPDCombiningAlg$OverridingEffectFirstRuleCombiningAlgEvaluator,false,verifyRuleEffectsAndPepActions,146,NO_COVERAGE,none
DPUnlessPDCombiningAlg.java,org.ow2.authzforce.core.pdp.impl.combining.DPUnlessPDCombiningAlg$OverridingEffectFirstRuleCombiningAlgEvaluator,true,verifyRuleEffectsAndPepActions,146,NO_COVERAGE,none
StandardCombiningAlgorithm.java,org.ow2.authzforce.core.pdp.impl.combining.StandardCombiningAlgorithm$1,"",apply,255,NO_COVERAGE,none
StandardCombiningAlgorithm.java,org.ow2.authzforce.core.pdp.impl.combining.StandardCombiningAlgorithm$1,"A",apply,255,NO_COVERAGE,none
StandardCombiningAlgorithm.java,org.ow2.authzforce.core.pdp.impl.combining.StandardCombiningAlgorithm$1,null,apply,255,NO_COVERAGE,none
NumericArithmeticFunction.java,org.ow2.authzforce.core.pdp.impl.func.NumericArithmeticFunction,null,newCall,137,KILLED,org.ow2.authzforce.core.pdp.impl.test.func.NumericArithmeticFunctionsTest.testEvaluate[21: urn:oasis:names:tc:xacml:1.0:function:double-divide](org.ow2.authzforce.core.pdp.impl.test.func.NumericArithmeticFunctionsTest)
NumericArithmeticFunction.java,org.ow2.authzforce.core.pdp.impl.func.NumericArithmeticFunction,null,validate,56,NO_COVERAGE,none
StandardHigherOrderBagFunctions.java,org.ow2.authzforce.core.pdp.impl.func.StandardHigherOrderBagFunctions$OneBagOnlyHigherOrderFunction,void,checkNumberOfArgs,286,SURVIVED,none
StandardHigherOrderBagFunctions.java,org.ow2.authzforce.core.pdp.impl.func.StandardHigherOrderBagFunctions$OneBagOnlyHigherOrderFunction,null,createFunctionCallFromSubFunction,313,KILLED,org.ow2.authzforce.core.pdp.impl.test.func.HigherOrderFunctionsTest.testEvaluate[2: urn:oasis:names:tc:xacml:3.0:function:all-of](org.ow2.authzforce.core.pdp.impl.test.func.HigherOrderFunctionsTest)
MatchEvaluator.java,org.ow2.authzforce.core.pdp.impl.MatchEvaluator,false,match,143,NO_COVERAGE,none
MatchEvaluator.java,org.ow2.authzforce.core.pdp.impl.MatchEvaluator,true,match,143,NO_COVERAGE,none
BasePdpEngine.java,org.ow2.authzforce.core.pdp.impl.BasePdpEngine$IndividualDecisionRequestEvaluator,null,evaluateInNewContext,367,NO_COVERAGE,none
BasePdpEngine.java,org.ow2.authzforce.core.pdp.impl.BasePdpEngine$IndividualDecisionRequestEvaluator,null,newEvaluationContext,360,NO_COVERAGE,none
AttributeSelectorExpressions.java,org.ow2.authzforce.core.pdp.impl.expression.AttributeSelectorExpressions$AttributeSelectorExpressionWithoutContextSelector,null,getContextSelectorFQN,610,NO_COVERAGE,none
AttributeSelectorExpressions.java,org.ow2.authzforce.core.pdp.impl.expression.AttributeSelectorExpressions$AttributeSelectorExpressionWithoutContextSelector,null,getFinalXPathEvaluationContextItem,604,NO_COVERAGE,none
ApplyExpressions.java,org.ow2.authzforce.core.pdp.impl.expression.ApplyExpressions,null,newInstance,143,NO_COVERAGE,none
ApplyExpressions.java,org.ow2.authzforce.core.pdp.impl.expression.ApplyExpressions,null,newInstance,109,NO_COVERAGE,none
ConditionEvaluators.java,org.ow2.authzforce.core.pdp.impl.rule.ConditionEvaluators$BooleanExpressionEvaluator,false,evaluate,94,NO_COVERAGE,none
ConditionEvaluators.java,org.ow2.authzforce.core.pdp.impl.rule.ConditionEvaluators$BooleanExpressionEvaluator,true,evaluate,94,NO_COVERAGE,none
StandardEqualTypeMatchers.java,org.ow2.authzforce.core.pdp.impl.func.StandardEqualTypeMatchers$StringRegexpMatchCallFactory$1,false,match,114,NO_COVERAGE,none
StandardEqualTypeMatchers.java,org.ow2.authzforce.core.pdp.impl.func.StandardEqualTypeMatchers$StringRegexpMatchCallFactory$1,true,match,114,NO_COVERAGE,none
DPOverridesCombiningAlg.java,org.ow2.authzforce.core.pdp.impl.combining.DPOverridesCombiningAlg$OrderPreservingCombiningAlgEvaluator$IndeterminateSubDecisionHandler,false,handle,250,NO_COVERAGE,none
DPOverridesCombiningAlg.java,org.ow2.authzforce.core.pdp.impl.combining.DPOverridesCombiningAlg$OrderPreservingCombiningAlgEvaluator$IndeterminateSubDecisionHandler,true,handle,250,NO_COVERAGE,none
TargetEvaluators.java,org.ow2.authzforce.core.pdp.impl.TargetEvaluators$NonEmptyTargetEvaluator,false,evaluate,115,NO_COVERAGE,none
TargetEvaluators.java,org.ow2.authzforce.core.pdp.impl.TargetEvaluators$NonEmptyTargetEvaluator,true,evaluate,115,NO_COVERAGE,none
ImmutableFunctionRegistry.java,org.ow2.authzforce.core.pdp.impl.func.ImmutableFunctionRegistry,null,getFunction,68,KILLED,org.ow2.authzforce.core.pdp.impl.test.func.DateTimeArithmeticFunctionsTest.testEvaluate[1: urn:oasis:names:tc:xacml:3.0:function:dateTime-add-dayTimeDuration](org.ow2.authzforce.core.pdp.impl.test.func.DateTimeArithmeticFunctionsTest)
ImmutableFunctionRegistry.java,org.ow2.authzforce.core.pdp.impl.func.ImmutableFunctionRegistry,null,getFunction,79,KILLED,org.ow2.authzforce.core.pdp.impl.test.func.HigherOrderFunctionsTest.testEvaluate[10: urn:oasis:names:tc:xacml:1.0:function:any-of-all](org.ow2.authzforce.core.pdp.impl.test.func.HigherOrderFunctionsTest)
StandardHigherOrderBagFunctions.java,org.ow2.authzforce.core.pdp.impl.func.StandardHigherOrderBagFunctions$AnyOfAny,void,checkNumberOfArgs,532,SURVIVED,none
StandardHigherOrderBagFunctions.java,org.ow2.authzforce.core.pdp.impl.func.StandardHigherOrderBagFunctions$AnyOfAny,null,createFunctionCallFromSubFunction,540,KILLED,org.ow2.authzforce.core.pdp.impl.test.func.HigherOrderFunctionsTest.testEvaluate[4: urn:oasis:names:tc:xacml:3.0:function:any-of-any](org.ow2.authzforce.core.pdp.impl.test.func.HigherOrderFunctionsTest)
BasePdpEngine.java,org.ow2.authzforce.core.pdp.impl.BasePdpEngine$NonCachingIndividualDecisionRequestEvaluator,null,evaluate,441,NO_COVERAGE,none
BasePdpEngine.java,org.ow2.authzforce.core.pdp.impl.BasePdpEngine$NonCachingIndividualDecisionRequestEvaluator,null,evaluate,432,NO_COVERAGE,none
DepthLimitingExpressionFactory.java,org.ow2.authzforce.core.pdp.impl.expression.DepthLimitingExpressionFactory$DynamicVariableReference,null,evaluate,240,NO_COVERAGE,none
DepthLimitingExpressionFactory.java,org.ow2.authzforce.core.pdp.impl.expression.DepthLimitingExpressionFactory$DynamicVariableReference,null,getValue,228,NO_COVERAGE,none
StandardHigherOrderBagFunctions.java,org.ow2.authzforce.core.pdp.impl.func.StandardHigherOrderBagFunctions$BooleanHigherOrderTwoBagFunction,void,checkNumberOfArgs,82,SURVIVED,none
StandardHigherOrderBagFunctions.java,org.ow2.authzforce.core.pdp.impl.func.StandardHigherOrderBagFunctions$BooleanHigherOrderTwoBagFunction,null,createFunctionCallFromSubFunction,161,KILLED,org.ow2.authzforce.core.pdp.impl.test.func.HigherOrderFunctionsTest.testEvaluate[10: urn:oasis:names:tc:xacml:1.0:function:any-of-all](org.ow2.authzforce.core.pdp.impl.test.func.HigherOrderFunctionsTest)
PolicyEvaluators.java,org.ow2.authzforce.core.pdp.impl.policy.PolicyEvaluators$StaticPolicySetChildRefsMetadataProvider,null,getMetadata,932,NO_COVERAGE,none
PolicyEvaluators.java,org.ow2.authzforce.core.pdp.impl.policy.PolicyEvaluators$StaticPolicySetChildRefsMetadataProvider,void,updateMetadata,937,NO_COVERAGE,none
StandardHigherOrderBagFunctions.java,org.ow2.authzforce.core.pdp.impl.func.StandardHigherOrderBagFunctions$BooleanHigherOrderTwoBagAnyFunction$2,null,getBagForAll,753,KILLED,org.ow2.authzforce.core.pdp.impl.test.func.HigherOrderFunctionsTest.testEvaluate[10: urn:oasis:names:tc:xacml:1.0:function:any-of-all](org.ow2.authzforce.core.pdp.impl.test.func.HigherOrderFunctionsTest)
StandardHigherOrderBagFunctions.java,org.ow2.authzforce.core.pdp.impl.func.StandardHigherOrderBagFunctions$BooleanHigherOrderTwoBagAnyFunction$2,null,getBagForAny,758,KILLED,org.ow2.authzforce.core.pdp.impl.test.func.HigherOrderFunctionsTest.testEvaluate[10: urn:oasis:names:tc:xacml:1.0:function:any-of-all](org.ow2.authzforce.core.pdp.impl.test.func.HigherOrderFunctionsTest)
BasePdpEngine.java,org.ow2.authzforce.core.pdp.impl.BasePdpEngine$IndividualRequestEvaluatorWithCacheIgnoringEvaluationContext,null,evaluate,501,NO_COVERAGE,none
BasePdpEngine.java,org.ow2.authzforce.core.pdp.impl.BasePdpEngine$IndividualRequestEvaluatorWithCacheIgnoringEvaluationContext,null,evaluate,481,NO_COVERAGE,none
MultiDecisionXacmlJaxbRequestPreprocessor.java,org.ow2.authzforce.core.pdp.impl.io.MultiDecisionXacmlJaxbRequestPreprocessor$IndividualXacmlJaxbRequestBuilder,null,build,162,NO_COVERAGE,none
MultiDecisionXacmlJaxbRequestPreprocessor.java,org.ow2.authzforce.core.pdp.impl.io.MultiDecisionXacmlJaxbRequestPreprocessor$IndividualXacmlJaxbRequestBuilder,void,put,119,NO_COVERAGE,none
StandardHigherOrderBagFunctions.java,org.ow2.authzforce.core.pdp.impl.func.StandardHigherOrderBagFunctions$BooleanHigherOrderTwoBagAnyFunction$1,null,getBagForAll,738,KILLED,org.ow2.authzforce.core.pdp.impl.test.func.HigherOrderFunctionsTest.testEvaluate[7: urn:oasis:names:tc:xacml:1.0:function:all-of-any](org.ow2.authzforce.core.pdp.impl.test.func.HigherOrderFunctionsTest)
StandardHigherOrderBagFunctions.java,org.ow2.authzforce.core.pdp.impl.func.StandardHigherOrderBagFunctions$BooleanHigherOrderTwoBagAnyFunction$1,null,getBagForAny,743,KILLED,org.ow2.authzforce.core.pdp.impl.test.func.HigherOrderFunctionsTest.testEvaluate[7: urn:oasis:names:tc:xacml:1.0:function:all-of-any](org.ow2.authzforce.core.pdp.impl.test.func.HigherOrderFunctionsTest)
StandardFunction.java,org.ow2.authzforce.core.pdp.impl.func.StandardFunction,null,getInstance,659,NO_COVERAGE,none
StandardFunction.java,org.ow2.authzforce.core.pdp.impl.func.StandardFunction,null,getRegistry,673,NO_COVERAGE,none
PolicyEvaluators.java,org.ow2.authzforce.core.pdp.impl.policy.PolicyEvaluators$DynamicPolicySetRefEvaluator,void,checkPolicyRefChain,1321,NO_COVERAGE,none
PolicyEvaluators.java,org.ow2.authzforce.core.pdp.impl.policy.PolicyEvaluators$DynamicPolicySetRefEvaluator,null,resolvePolicyWithRefDepthCheck,1335,NO_COVERAGE,none
RuleEvaluator.java,org.ow2.authzforce.core.pdp.impl.rule.RuleEvaluator$DecisionWithPepActionResultFactory,null,getInstance,178,NO_COVERAGE,none
RuleEvaluator.java,org.ow2.authzforce.core.pdp.impl.rule.RuleEvaluator$DecisionWithPepActionResultFactory,null,newIndeterminate,206,NO_COVERAGE,none
ModularAttributeProvider.java,org.ow2.authzforce.core.pdp.impl.ModularAttributeProvider,null,get,160,NO_COVERAGE,none
ModularAttributeProvider.java,org.ow2.authzforce.core.pdp.impl.ModularAttributeProvider,null,getInstance,146,NO_COVERAGE,none
AnyOfEvaluator.java,org.ow2.authzforce.core.pdp.impl.AnyOfEvaluator,false,match,118,NO_COVERAGE,none
AnyOfEvaluator.java,org.ow2.authzforce.core.pdp.impl.AnyOfEvaluator,true,match,118,NO_COVERAGE,none
CoreRefPolicyProvider.java,org.ow2.authzforce.core.pdp.impl.policy.CoreRefPolicyProvider$InitOnlyRefPolicyProvider,null,getPolicy,277,NO_COVERAGE,none
CoreRefPolicyProvider.java,org.ow2.authzforce.core.pdp.impl.policy.CoreRefPolicyProvider$InitOnlyRefPolicyProvider,null,getPolicySet,283,NO_COVERAGE,none
SchemaHandler.java,org.ow2.authzforce.core.pdp.impl.SchemaHandler,null,createSchema,464,NO_COVERAGE,none
SchemaHandler.java,org.ow2.authzforce.core.pdp.impl.SchemaHandler,void,setSchemaLocations,423,NO_COVERAGE,none
StandardEqualTypeMatchers.java,org.ow2.authzforce.core.pdp.impl.func.StandardEqualTypeMatchers$2,false,match,70,KILLED,org.ow2.authzforce.core.pdp.impl.test.func.StringFunctionsTest.testEvaluate[45: urn:oasis:names:tc:xacml:3.0:function:string-starts-with](org.ow2.authzforce.core.pdp.impl.test.func.StringFunctionsTest)
StandardEqualTypeMatchers.java,org.ow2.authzforce.core.pdp.impl.func.StandardEqualTypeMatchers$2,true,match,70,KILLED,org.ow2.authzforce.core.pdp.impl.test.func.StringFunctionsTest.testEvaluate[46: urn:oasis:names:tc:xacml:3.0:function:string-starts-with](org.ow2.authzforce.core.pdp.impl.test.func.StringFunctionsTest)
StandardEqualTypeMatchers.java,org.ow2.authzforce.core.pdp.impl.func.StandardEqualTypeMatchers$3,false,match,86,KILLED,org.ow2.authzforce.core.pdp.impl.test.func.StringFunctionsTest.testEvaluate[50: urn:oasis:names:tc:xacml:3.0:function:string-ends-with](org.ow2.authzforce.core.pdp.impl.test.func.StringFunctionsTest)
StandardEqualTypeMatchers.java,org.ow2.authzforce.core.pdp.impl.func.StandardEqualTypeMatchers$3,true,match,86,KILLED,org.ow2.authzforce.core.pdp.impl.test.func.StringFunctionsTest.testEvaluate[49: urn:oasis:names:tc:xacml:3.0:function:string-ends-with](org.ow2.authzforce.core.pdp.impl.test.func.StringFunctionsTest)
PolicyEvaluators.java,org.ow2.authzforce.core.pdp.impl.policy.PolicyEvaluators$DynamicPolicySetChildRefsMetadataProvider,void,addChildPolicySetElementOrRef,990,NO_COVERAGE,none
PolicyEvaluators.java,org.ow2.authzforce.core.pdp.impl.policy.PolicyEvaluators$DynamicPolicySetChildRefsMetadataProvider,null,getMetadata,998,NO_COVERAGE,none
StandardEqualTypeMatchers.java,org.ow2.authzforce.core.pdp.impl.func.StandardEqualTypeMatchers$4,false,match,103,KILLED,org.ow2.authzforce.core.pdp.impl.test.func.StringFunctionsTest.testEvaluate[53: urn:oasis:names:tc:xacml:3.0:function:string-contains](org.ow2.authzforce.core.pdp.impl.test.func.StringFunctionsTest)
StandardEqualTypeMatchers.java,org.ow2.authzforce.core.pdp.impl.func.StandardEqualTypeMatchers$4,true,match,103,KILLED,org.ow2.authzforce.core.pdp.impl.test.func.StringFunctionsTest.testEvaluate[54: urn:oasis:names:tc:xacml:3.0:function:string-contains](org.ow2.authzforce.core.pdp.impl.test.func.StringFunctionsTest)
PolicyEvaluators.java,org.ow2.authzforce.core.pdp.impl.policy.PolicyEvaluators$StaticPolicyRefEvaluator,false,isApplicableByTarget,1096,NO_COVERAGE,none
PolicyEvaluators.java,org.ow2.authzforce.core.pdp.impl.policy.PolicyEvaluators$StaticPolicyRefEvaluator,true,isApplicableByTarget,1096,NO_COVERAGE,none
StandardNonEqualTypeMatchers.java,org.ow2.authzforce.core.pdp.impl.func.StandardNonEqualTypeMatchers$4,false,match,105,KILLED,org.ow2.authzforce.core.pdp.impl.test.func.StringFunctionsTest.testEvaluate[55: urn:oasis:names:tc:xacml:3.0:function:anyURI-contains](org.ow2.authzforce.core.pdp.impl.test.func.StringFunctionsTest)
StandardNonEqualTypeMatchers.java,org.ow2.authzforce.core.pdp.impl.func.StandardNonEqualTypeMatchers$4,true,match,105,KILLED,org.ow2.authzforce.core.pdp.impl.test.func.StringFunctionsTest.testEvaluate[56: urn:oasis:names:tc:xacml:3.0:function:anyURI-contains](org.ow2.authzforce.core.pdp.impl.test.func.StringFunctionsTest)
StandardNonEqualTypeMatchers.java,org.ow2.authzforce.core.pdp.impl.func.StandardNonEqualTypeMatchers$3,false,match,88,KILLED,org.ow2.authzforce.core.pdp.impl.test.func.StringFunctionsTest.testEvaluate[52: urn:oasis:names:tc:xacml:3.0:function:anyURI-ends-with](org.ow2.authzforce.core.pdp.impl.test.func.StringFunctionsTest)
StandardNonEqualTypeMatchers.java,org.ow2.authzforce.core.pdp.impl.func.StandardNonEqualTypeMatchers$3,true,match,88,KILLED,org.ow2.authzforce.core.pdp.impl.test.func.StringFunctionsTest.testEvaluate[51: urn:oasis:names:tc:xacml:3.0:function:anyURI-ends-with](org.ow2.authzforce.core.pdp.impl.test.func.StringFunctionsTest)
StandardHigherOrderBagFunctions.java,org.ow2.authzforce.core.pdp.impl.func.StandardHigherOrderBagFunctions$AnyOfAny$AnyOfAnyFunctionCall,null,eval,576,KILLED,org.ow2.authzforce.core.pdp.impl.test.func.HigherOrderFunctionsTest.testEvaluate[4: urn:oasis:names:tc:xacml:3.0:function:any-of-any](org.ow2.authzforce.core.pdp.impl.test.func.HigherOrderFunctionsTest)
StandardHigherOrderBagFunctions.java,org.ow2.authzforce.core.pdp.impl.func.StandardHigherOrderBagFunctions$AnyOfAny$AnyOfAnyFunctionCall,null,evaluate,684,KILLED,org.ow2.authzforce.core.pdp.impl.test.func.HigherOrderFunctionsTest.testEvaluate[4: urn:oasis:names:tc:xacml:3.0:function:any-of-any](org.ow2.authzforce.core.pdp.impl.test.func.HigherOrderFunctionsTest)
StandardNonEqualTypeMatchers.java,org.ow2.authzforce.core.pdp.impl.func.StandardNonEqualTypeMatchers$2,false,match,73,KILLED,org.ow2.authzforce.core.pdp.impl.test.func.StringFunctionsTest.testEvaluate[47: urn:oasis:names:tc:xacml:3.0:function:anyURI-starts-with](org.ow2.authzforce.core.pdp.impl.test.func.StringFunctionsTest)
StandardNonEqualTypeMatchers.java,org.ow2.authzforce.core.pdp.impl.func.StandardNonEqualTypeMatchers$2,true,match,73,KILLED,org.ow2.authzforce.core.pdp.impl.test.func.StringFunctionsTest.testEvaluate[48: urn:oasis:names:tc:xacml:3.0:function:anyURI-starts-with](org.ow2.authzforce.core.pdp.impl.test.func.StringFunctionsTest)
StandardNonEqualTypeMatchers.java,org.ow2.authzforce.core.pdp.impl.func.StandardNonEqualTypeMatchers$1,false,match,43,KILLED,org.ow2.authzforce.core.pdp.impl.test.func.SpecialMatchFunctionsTest.testEvaluate[13: urn:oasis:names:tc:xacml:1.0:function:rfc822Name-match](org.ow2.authzforce.core.pdp.impl.test.func.SpecialMatchFunctionsTest)
StandardNonEqualTypeMatchers.java,org.ow2.authzforce.core.pdp.impl.func.StandardNonEqualTypeMatchers$1,true,match,43,KILLED,org.ow2.authzforce.core.pdp.impl.test.func.SpecialMatchFunctionsTest.testEvaluate[12: urn:oasis:names:tc:xacml:1.0:function:rfc822Name-match](org.ow2.authzforce.core.pdp.impl.test.func.SpecialMatchFunctionsTest)
AllOfEvaluator.java,org.ow2.authzforce.core.pdp.impl.AllOfEvaluator,false,match,112,NO_COVERAGE,none
AllOfEvaluator.java,org.ow2.authzforce.core.pdp.impl.AllOfEvaluator,true,match,112,NO_COVERAGE,none
SingleDecisionXacmlJaxbRequestPreprocessor.java,org.ow2.authzforce.core.pdp.impl.io.SingleDecisionXacmlJaxbRequestPreprocessor,null,process,163,NO_COVERAGE,none
MapFunctionFactory.java,org.ow2.authzforce.core.pdp.impl.func.MapFunctionFactory$MapFunction$Call,null,evaluate,79,KILLED,org.ow2.authzforce.core.pdp.impl.test.func.HigherOrderFunctionsTest.testEvaluate[13: urn:oasis:names:tc:xacml:3.0:function:map](org.ow2.authzforce.core.pdp.impl.test.func.HigherOrderFunctionsTest)
PolicyEvaluators.java,org.ow2.authzforce.core.pdp.impl.policy.PolicyEvaluators$BaseTopLevelPolicyElementEvaluator$EvalResults,void,setResult,337,NO_COVERAGE,none
StandardEnvironmentAttribute.java,org.ow2.authzforce.core.pdp.impl.StandardEnvironmentAttribute,null,getInstance,93,NO_COVERAGE,none
PolicyEvaluators.java,org.ow2.authzforce.core.pdp.impl.policy.PolicyEvaluators$DynamicPolicyRefEvaluator,null,resolvePolicyWithRefDepthCheck,1297,NO_COVERAGE,none
XPathNodeCountFunction.java,org.ow2.authzforce.core.pdp.impl.func.XPathNodeCountFunction$CallFactory$Call,null,evaluate,78,NO_COVERAGE,none
PolicyEvaluators.java,org.ow2.authzforce.core.pdp.impl.policy.PolicyEvaluators$StaticPolicyRefEvaluatorFactory,null,getInstance,1556,NO_COVERAGE,none
DPOverridesCombiningAlg.java,org.ow2.authzforce.core.pdp.impl.combining.DPOverridesCombiningAlg,null,getInstance,857,NO_COVERAGE,none
RuleEvaluator.java,org.ow2.authzforce.core.pdp.impl.rule.RuleEvaluator$1,null,newIndeterminate,91,NO_COVERAGE,none
RuleEvaluator.java,org.ow2.authzforce.core.pdp.impl.rule.RuleEvaluator$2,null,newIndeterminate,122,NO_COVERAGE,none
LogicalAndFunction.java,org.ow2.authzforce.core.pdp.impl.func.LogicalAndFunction$CallFactory,null,getInstance,150,KILLED,org.ow2.authzforce.core.pdp.impl.test.func.LogicalFunctionsTest.testEvaluate[11: urn:oasis:names:tc:xacml:1.0:function:and](org.ow2.authzforce.core.pdp.impl.test.func.LogicalFunctionsTest)
PolicyEvaluators.java,org.ow2.authzforce.core.pdp.impl.policy.PolicyEvaluators$PepActionAppendingDPResultFactory,null,getInstance,154,NO_COVERAGE,none
StandardHigherOrderBagFunctions.java,org.ow2.authzforce.core.pdp.impl.func.StandardHigherOrderBagFunctions$AllOfCallFactory,null,getFinalResult,496,KILLED,org.ow2.authzforce.core.pdp.impl.test.func.HigherOrderFunctionsTest.testEvaluate[3: urn:oasis:names:tc:xacml:3.0:function:all-of](org.ow2.authzforce.core.pdp.impl.test.func.HigherOrderFunctionsTest)
LogicalNotFunction.java,org.ow2.authzforce.core.pdp.impl.func.LogicalNotFunction,null,newCall,50,KILLED,org.ow2.authzforce.core.pdp.impl.test.func.LogicalFunctionsTest.testEvaluate[27: urn:oasis:names:tc:xacml:1.0:function:not](org.ow2.authzforce.core.pdp.impl.test.func.LogicalFunctionsTest)
StringConcatenateFunction.java,org.ow2.authzforce.core.pdp.impl.func.StringConcatenateFunction,null,newCall,51,KILLED,org.ow2.authzforce.core.pdp.impl.test.func.StringFunctionsTest.testEvaluate[0: urn:oasis:names:tc:xacml:2.0:function:string-concatenate](org.ow2.authzforce.core.pdp.impl.test.func.StringFunctionsTest)
AttributeAssignmentExpressionEvaluator.java,org.ow2.authzforce.core.pdp.impl.AttributeAssignmentExpressionEvaluator$SingleAttributeValueExpression,null,evaluate,88,NO_COVERAGE,none
RuleEvaluator.java,org.ow2.authzforce.core.pdp.impl.rule.RuleEvaluator$DenyDecisionWithPepActionResutFactory,null,getInstance,240,NO_COVERAGE,none
DPOverridesCombiningAlg.java,org.ow2.authzforce.core.pdp.impl.combining.DPOverridesCombiningAlg$OrderPreservingCombiningAlgEvaluator,null,evaluate,292,NO_COVERAGE,none
BasePdpEngine.java,org.ow2.authzforce.core.pdp.impl.BasePdpEngine$2,null,get,104,NO_COVERAGE,none
MultiDecisionXacmlJaxbRequestPreprocessor.java,org.ow2.authzforce.core.pdp.impl.io.MultiDecisionXacmlJaxbRequestPreprocessor,null,process,248,NO_COVERAGE,none
TemporalArithmeticFunction.java,org.ow2.authzforce.core.pdp.impl.func.TemporalArithmeticFunction$Call,null,evaluate,74,KILLED,org.ow2.authzforce.core.pdp.impl.test.func.DateTimeArithmeticFunctionsTest.testEvaluate[1: urn:oasis:names:tc:xacml:3.0:function:dateTime-add-dayTimeDuration](org.ow2.authzforce.core.pdp.impl.test.func.DateTimeArithmeticFunctionsTest)
CoreRootPolicyProvider.java,org.ow2.authzforce.core.pdp.impl.policy.CoreRootPolicyProvider$Factory,null,getInstance,72,NO_COVERAGE,none
StandardHigherOrderBagFunctions.java,org.ow2.authzforce.core.pdp.impl.func.StandardHigherOrderBagFunctions$AllOfAll,null,evaluate,874,KILLED,org.ow2.authzforce.core.pdp.impl.test.func.HigherOrderFunctionsTest.testEvaluate[11: urn:oasis:names:tc:xacml:1.0:function:all-of-all](org.ow2.authzforce.core.pdp.impl.test.func.HigherOrderFunctionsTest)
LegacyDenyOverridesCombiningAlg.java,org.ow2.authzforce.core.pdp.impl.combining.LegacyDenyOverridesCombiningAlg,null,getInstance,47,NO_COVERAGE,none
NumericArithmeticOperators.java,org.ow2.authzforce.core.pdp.impl.func.NumericArithmeticOperators$SubtractOperator,null,eval,86,KILLED,org.ow2.authzforce.core.pdp.impl.test.func.NumericArithmeticFunctionsTest.testEvaluate[9: urn:oasis:names:tc:xacml:1.0:function:double-subtract](org.ow2.authzforce.core.pdp.impl.test.func.NumericArithmeticFunctionsTest)
SingleDecisionXacmlJaxbRequestPreprocessor.java,org.ow2.authzforce.core.pdp.impl.io.SingleDecisionXacmlJaxbRequestPreprocessor$LaxVariantFactory,null,getInstance,91,NO_COVERAGE,none
ConditionEvaluators.java,org.ow2.authzforce.core.pdp.impl.rule.ConditionEvaluators,null,getInstance,115,NO_COVERAGE,none
LogicalNotFunction.java,org.ow2.authzforce.core.pdp.impl.func.LogicalNotFunction$1,null,evaluate,55,KILLED,org.ow2.authzforce.core.pdp.impl.test.func.LogicalFunctionsTest.testEvaluate[27: urn:oasis:names:tc:xacml:1.0:function:not](org.ow2.authzforce.core.pdp.impl.test.func.LogicalFunctionsTest)
DefaultXacmlJaxbResultPostprocessorFactory.java,org.ow2.authzforce.core.pdp.impl.io.DefaultXacmlJaxbResultPostprocessorFactory,null,getInstance,50,NO_COVERAGE,none
LegacyPermitOverridesCombiningAlg.java,org.ow2.authzforce.core.pdp.impl.combining.LegacyPermitOverridesCombiningAlg,null,getInstance,47,NO_COVERAGE,none
PolicyEvaluators.java,org.ow2.authzforce.core.pdp.impl.policy.PolicyEvaluators$DynamicPolicyRefEvaluatorFactory,null,getInstance,1587,NO_COVERAGE,none
TimeRangeComparisonFunction.java,org.ow2.authzforce.core.pdp.impl.func.TimeRangeComparisonFunction,null,newCall,189,KILLED,org.ow2.authzforce.core.pdp.impl.test.func.NonNumericComparisonFunctionsTest.testEvaluate[25: urn:oasis:names:tc:xacml:2.0:function:time-in-range](org.ow2.authzforce.core.pdp.impl.test.func.NonNumericComparisonFunctionsTest)
AttributeSelectorExpressions.java,org.ow2.authzforce.core.pdp.impl.expression.AttributeSelectorExpressions,null,newInstance,707,NO_COVERAGE,none
NumericArithmeticOperators.java,org.ow2.authzforce.core.pdp.impl.func.NumericArithmeticOperators$AbsOperator,null,eval,41,KILLED,org.ow2.authzforce.core.pdp.impl.test.func.NumericArithmeticFunctionsTest.testEvaluate[27: urn:oasis:names:tc:xacml:1.0:function:integer-abs](org.ow2.authzforce.core.pdp.impl.test.func.NumericArithmeticFunctionsTest)
BasePdpEngine.java,org.ow2.authzforce.core.pdp.impl.BasePdpEngine$IssuedToNonIssuedAttributeCopyingRequestBuilder,null,putNamedAttributeIfAbsent,167,NO_COVERAGE,none
DPUnlessPDCombiningAlg.java,org.ow2.authzforce.core.pdp.impl.combining.DPUnlessPDCombiningAlg,null,getInstance,276,NO_COVERAGE,none
PolicyMap.java,org.ow2.authzforce.core.pdp.impl.policy.PolicyMap,null,get,71,NO_COVERAGE,none
AttributeAssignmentExpressionEvaluator.java,org.ow2.authzforce.core.pdp.impl.AttributeAssignmentExpressionEvaluator$AttributeBagExpression,null,evaluate,107,NO_COVERAGE,none
NumericArithmeticOperators.java,org.ow2.authzforce.core.pdp.impl.func.NumericArithmeticOperators$MultiplyOperator,null,eval,75,KILLED,org.ow2.authzforce.core.pdp.impl.test.func.NumericArithmeticFunctionsTest.testEvaluate[10: urn:oasis:names:tc:xacml:1.0:function:integer-multiply](org.ow2.authzforce.core.pdp.impl.test.func.NumericArithmeticFunctionsTest)
StandardDatatypeConverters.java,org.ow2.authzforce.core.pdp.impl.func.StandardDatatypeConverters$FromStringConverter,null,convert,63,KILLED,org.ow2.authzforce.core.pdp.impl.test.func.StringFunctionsTest.testEvaluate[11: urn:oasis:names:tc:xacml:3.0:function:double-from-string](org.ow2.authzforce.core.pdp.impl.test.func.StringFunctionsTest)
SingleDecisionXacmlJaxbRequestPreprocessor.java,org.ow2.authzforce.core.pdp.impl.io.SingleDecisionXacmlJaxbRequestPreprocessor$StrictVariantFactory,null,getInstance,124,NO_COVERAGE,none
CoreRefPolicyProvider.java,org.ow2.authzforce.core.pdp.impl.policy.CoreRefPolicyProvider$Factory,null,getInstance,142,NO_COVERAGE,none
StandardEqualTypeMatchers.java,org.ow2.authzforce.core.pdp.impl.func.StandardEqualTypeMatchers$StringRegexpMatchCallFactory,null,getInstance,129,KILLED,org.ow2.authzforce.core.pdp.impl.test.func.RegExpBasedFunctionsTest.testEvaluate[0: urn:oasis:names:tc:xacml:1.0:function:string-regexp-match](org.ow2.authzforce.core.pdp.impl.test.func.RegExpBasedFunctionsTest)
SingleDecisionXacmlJaxbRequestPreprocessor.java,org.ow2.authzforce.core.pdp.impl.io.SingleDecisionXacmlJaxbRequestPreprocessor$1,null,getInstance,62,NO_COVERAGE,none
StandardCombiningAlgorithm.java,org.ow2.authzforce.core.pdp.impl.combining.StandardCombiningAlgorithm,null,getInstance,270,NO_COVERAGE,none
StandardDatatypeConverters.java,org.ow2.authzforce.core.pdp.impl.func.StandardDatatypeConverters$1,null,convert,85,KILLED,org.ow2.authzforce.core.pdp.impl.test.func.StringFunctionsTest.testEvaluate[6: urn:oasis:names:tc:xacml:3.0:function:string-from-boolean](org.ow2.authzforce.core.pdp.impl.test.func.StringFunctionsTest)
ApplyExpressions.java,org.ow2.authzforce.core.pdp.impl.expression.ApplyExpressions$VariableApplyExpression,null,getValue,94,NO_COVERAGE,none
StandardHigherOrderBagFunctions.java,org.ow2.authzforce.core.pdp.impl.func.StandardHigherOrderBagFunctions$OneBagOnlyHigherOrderFunction$Call,null,evaluate,261,KILLED,org.ow2.authzforce.core.pdp.impl.test.func.HigherOrderFunctionsTest.testEvaluate[2: urn:oasis:names:tc:xacml:3.0:function:all-of](org.ow2.authzforce.core.pdp.impl.test.func.HigherOrderFunctionsTest)
SubstringFunction.java,org.ow2.authzforce.core.pdp.impl.func.SubstringFunction$Call,null,evaluate,75,KILLED,org.ow2.authzforce.core.pdp.impl.test.func.StringFunctionsTest.testEvaluate[57: urn:oasis:names:tc:xacml:3.0:function:string-substring](org.ow2.authzforce.core.pdp.impl.test.func.StringFunctionsTest)
StandardHigherOrderBagFunctions.java,org.ow2.authzforce.core.pdp.impl.func.StandardHigherOrderBagFunctions$BooleanHigherOrderTwoBagFunction$Call,null,evaluate,117,KILLED,org.ow2.authzforce.core.pdp.impl.test.func.HigherOrderFunctionsTest.testEvaluate[10: urn:oasis:names:tc:xacml:1.0:function:any-of-all](org.ow2.authzforce.core.pdp.impl.test.func.HigherOrderFunctionsTest)
StandardEnvironmentAttribute.java,org.ow2.authzforce.core.pdp.impl.StandardEnvironmentAttribute$1,null,apply,78,NO_COVERAGE,none
StandardHigherOrderBagFunctions.java,org.ow2.authzforce.core.pdp.impl.func.StandardHigherOrderBagFunctions$AnyOfCallFactory,null,getFinalResult,467,KILLED,org.ow2.authzforce.core.pdp.impl.test.func.HigherOrderFunctionsTest.testEvaluate[0: urn:oasis:names:tc:xacml:3.0:function:any-of](org.ow2.authzforce.core.pdp.impl.test.func.HigherOrderFunctionsTest)
PolicyEvaluators.java,org.ow2.authzforce.core.pdp.impl.policy.PolicyEvaluators$PolicySetElementEvaluatorFactory,null,getChildStaticPolicyEvaluator,1712,NO_COVERAGE,none
MapFunctionFactory.java,org.ow2.authzforce.core.pdp.impl.func.MapFunctionFactory$MapFunction,null,newFunctionCall,140,KILLED,org.ow2.authzforce.core.pdp.impl.test.func.HigherOrderFunctionsTest.testEvaluate[14: urn:oasis:names:tc:xacml:3.0:function:map](org.ow2.authzforce.core.pdp.impl.test.func.HigherOrderFunctionsTest)
RuleEvaluator.java,org.ow2.authzforce.core.pdp.impl.rule.RuleEvaluator$PermitDecisionWithPepActionResutFactory,null,getInstance,220,NO_COVERAGE,none
LogicalOrFunction.java,org.ow2.authzforce.core.pdp.impl.func.LogicalOrFunction$Call,null,evaluate,68,KILLED,org.ow2.authzforce.core.pdp.impl.test.func.LogicalFunctionsTest.testEvaluate[0: urn:oasis:names:tc:xacml:1.0:function:or](org.ow2.authzforce.core.pdp.impl.test.func.LogicalFunctionsTest)
MultiDecisionXacmlJaxbRequestPreprocessor.java,org.ow2.authzforce.core.pdp.impl.io.MultiDecisionXacmlJaxbRequestPreprocessor$StrictVariantFactory,null,getInstance,222,NO_COVERAGE,none
StringN11nFunction.java,org.ow2.authzforce.core.pdp.impl.func.StringN11nFunction$CallFactory$1,null,evaluate,68,KILLED,org.ow2.authzforce.core.pdp.impl.test.func.StringConversionFunctionsTest.testEvaluate[0: urn:oasis:names:tc:xacml:1.0:function:string-normalize-space](org.ow2.authzforce.core.pdp.impl.test.func.StringConversionFunctionsTest)
StringN11nFunction.java,org.ow2.authzforce.core.pdp.impl.func.StringN11nFunction$2,null,normalize,94,KILLED,org.ow2.authzforce.core.pdp.impl.test.func.StringConversionFunctionsTest.testEvaluate[2: urn:oasis:names:tc:xacml:1.0:function:string-normalize-to-lower-case](org.ow2.authzforce.core.pdp.impl.test.func.StringConversionFunctionsTest)
PepActionExpression.java,org.ow2.authzforce.core.pdp.impl.PepActionExpression,null,evaluate,134,NO_COVERAGE,none
FirstApplicableCombiningAlg.java,org.ow2.authzforce.core.pdp.impl.combining.FirstApplicableCombiningAlg$Evaluator,null,evaluate,60,NO_COVERAGE,none
NumericArithmeticOperators.java,org.ow2.authzforce.core.pdp.impl.func.NumericArithmeticOperators$DivideOperator,null,eval,98,KILLED,org.ow2.authzforce.core.pdp.impl.test.func.NumericArithmeticFunctionsTest.testEvaluate[21: urn:oasis:names:tc:xacml:1.0:function:double-divide](org.ow2.authzforce.core.pdp.impl.test.func.NumericArithmeticFunctionsTest)
FirstApplicableCombiningAlg.java,org.ow2.authzforce.core.pdp.impl.combining.FirstApplicableCombiningAlg,null,getInstance,114,NO_COVERAGE,none
StandardHigherOrderBagFunctions.java,org.ow2.authzforce.core.pdp.impl.func.StandardHigherOrderBagFunctions$BooleanOneBagOnlyFunction,null,newFunctionCall,448,KILLED,org.ow2.authzforce.core.pdp.impl.test.func.HigherOrderFunctionsTest.testEvaluate[2: urn:oasis:names:tc:xacml:3.0:function:all-of](org.ow2.authzforce.core.pdp.impl.test.func.HigherOrderFunctionsTest)
StringN11nFunction.java,org.ow2.authzforce.core.pdp.impl.func.StringN11nFunction,null,newCall,118,KILLED,org.ow2.authzforce.core.pdp.impl.test.func.StringConversionFunctionsTest.testEvaluate[0: urn:oasis:names:tc:xacml:1.0:function:string-normalize-space](org.ow2.authzforce.core.pdp.impl.test.func.StringConversionFunctionsTest)
StringN11nFunction.java,org.ow2.authzforce.core.pdp.impl.func.StringN11nFunction$CallFactory,null,getInstance,62,KILLED,org.ow2.authzforce.core.pdp.impl.test.func.StringConversionFunctionsTest.testEvaluate[0: urn:oasis:names:tc:xacml:1.0:function:string-normalize-space](org.ow2.authzforce.core.pdp.impl.test.func.StringConversionFunctionsTest)
MultiDecisionXacmlJaxbRequestPreprocessor.java,org.ow2.authzforce.core.pdp.impl.io.MultiDecisionXacmlJaxbRequestPreprocessor$LaxVariantFactory,null,getInstance,193,NO_COVERAGE,none
CoreRefBasedRootPolicyProvider.java,org.ow2.authzforce.core.pdp.impl.policy.CoreRefBasedRootPolicyProvider$Factory,null,getInstance,65,NO_COVERAGE,none
StandardHigherOrderBagFunctions.java,org.ow2.authzforce.core.pdp.impl.func.StandardHigherOrderBagFunctions$BooleanOneBagOnlyFunction$CallFactory,null,getInstance,407,KILLED,org.ow2.authzforce.core.pdp.impl.test.func.HigherOrderFunctionsTest.testEvaluate[2: urn:oasis:names:tc:xacml:3.0:function:all-of](org.ow2.authzforce.core.pdp.impl.test.func.HigherOrderFunctionsTest)
LogicalAndFunction.java,org.ow2.authzforce.core.pdp.impl.func.LogicalAndFunction$CallFactory$Call,null,evaluate,71,KILLED,org.ow2.authzforce.core.pdp.impl.test.func.LogicalFunctionsTest.testEvaluate[11: urn:oasis:names:tc:xacml:1.0:function:and](org.ow2.authzforce.core.pdp.impl.test.func.LogicalFunctionsTest)
LogicalNOfFunction.java,org.ow2.authzforce.core.pdp.impl.func.LogicalNOfFunction$CallWithVarArg0,null,evaluate,279,NO_COVERAGE,none
BasePdpEngine.java,org.ow2.authzforce.core.pdp.impl.BasePdpEngine$IndividualDecisionRequestEvaluator$3,null,merge,301,NO_COVERAGE,none
StandardHigherOrderBagFunctions.java,org.ow2.authzforce.core.pdp.impl.func.StandardHigherOrderBagFunctions$BooleanHigherOrderTwoBagAnyFunction,null,evaluate,790,KILLED,org.ow2.authzforce.core.pdp.impl.test.func.HigherOrderFunctionsTest.testEvaluate[10: urn:oasis:names:tc:xacml:1.0:function:any-of-all](org.ow2.authzforce.core.pdp.impl.test.func.HigherOrderFunctionsTest)
BasePdpEngine.java,org.ow2.authzforce.core.pdp.impl.BasePdpEngine$IndividualDecisionRequestEvaluator$2,null,merge,275,NO_COVERAGE,none
DepthLimitingExpressionFactory.java,org.ow2.authzforce.core.pdp.impl.expression.DepthLimitingExpressionFactory$ConstantVariableReference,null,evaluate,178,NO_COVERAGE,none
StandardDatatypeConverters.java,org.ow2.authzforce.core.pdp.impl.func.StandardDatatypeConverters$ToStringConverter,null,convert,75,KILLED,org.ow2.authzforce.core.pdp.impl.test.func.StringFunctionsTest.testEvaluate[10: urn:oasis:names:tc:xacml:3.0:function:string-from-integer](org.ow2.authzforce.core.pdp.impl.test.func.StringFunctionsTest)
BasePdpEngine.java,org.ow2.authzforce.core.pdp.impl.BasePdpEngine$IndividualDecisionRequestEvaluator$1,null,merge,224,NO_COVERAGE,none
LogicalOrFunction.java,org.ow2.authzforce.core.pdp.impl.func.LogicalOrFunction,null,newCall,146,KILLED,org.ow2.authzforce.core.pdp.impl.test.func.LogicalFunctionsTest.testEvaluate[0: urn:oasis:names:tc:xacml:1.0:function:or](org.ow2.authzforce.core.pdp.impl.test.func.LogicalFunctionsTest)
NumericArithmeticOperators.java,org.ow2.authzforce.core.pdp.impl.func.NumericArithmeticOperators$1,null,eval,110,KILLED,org.ow2.authzforce.core.pdp.impl.test.func.NumericArithmeticFunctionsTest.testEvaluate[24: urn:oasis:names:tc:xacml:1.0:function:integer-mod](org.ow2.authzforce.core.pdp.impl.test.func.NumericArithmeticFunctionsTest)
NumericArithmeticOperators.java,org.ow2.authzforce.core.pdp.impl.func.NumericArithmeticOperators$2,null,eval,122,KILLED,org.ow2.authzforce.core.pdp.impl.test.func.NumericArithmeticFunctionsTest.testEvaluate[34: urn:oasis:names:tc:xacml:1.0:function:floor](org.ow2.authzforce.core.pdp.impl.test.func.NumericArithmeticFunctionsTest)
NumericArithmeticOperators.java,org.ow2.authzforce.core.pdp.impl.func.NumericArithmeticOperators$3,null,eval,132,KILLED,org.ow2.authzforce.core.pdp.impl.test.func.NumericArithmeticFunctionsTest.testEvaluate[33: urn:oasis:names:tc:xacml:1.0:function:round](org.ow2.authzforce.core.pdp.impl.test.func.NumericArithmeticFunctionsTest)
StaticRefPolicyProvider.java,org.ow2.authzforce.core.xmlns.pdp.StaticRefPolicyProvider,null,getPolicyLocations,105,NO_COVERAGE,none
StandardEqualTypeMatchers.java,org.ow2.authzforce.core.pdp.impl.func.StandardEqualTypeMatchers$5,null,build,145,NO_COVERAGE,none
XPathNodeCountFunction.java,org.ow2.authzforce.core.pdp.impl.func.XPathNodeCountFunction$CallFactory,null,getInstance,122,NO_COVERAGE,none
CoreRootPolicyProvider.java,org.ow2.authzforce.core.pdp.impl.policy.CoreRootPolicyProvider,null,getInstance,197,NO_COVERAGE,none
NumericArithmeticOperators.java,org.ow2.authzforce.core.pdp.impl.func.NumericArithmeticOperators$AddOperator,null,eval,57,KILLED,org.ow2.authzforce.core.pdp.impl.test.func.NumericArithmeticFunctionsTest.testEvaluate[1: urn:oasis:names:tc:xacml:1.0:function:integer-add](org.ow2.authzforce.core.pdp.impl.test.func.NumericArithmeticFunctionsTest)
DPUnlessPDCombiningAlg.java,org.ow2.authzforce.core.pdp.impl.combining.DPUnlessPDCombiningAlg$Evaluator,null,evaluate,84,NO_COVERAGE,none
StandardEnvironmentAttributeSource.java,org.ow2.authzforce.core.xmlns.pdp.StandardEnvironmentAttributeSource,null,fromValue,44,NO_COVERAGE,none
NumericArithmeticFunction.java,org.ow2.authzforce.core.pdp.impl.func.NumericArithmeticFunction$Call,null,evaluate,98,KILLED,org.ow2.authzforce.core.pdp.impl.test.func.NumericArithmeticFunctionsTest.testEvaluate[21: urn:oasis:names:tc:xacml:1.0:function:double-divide](org.ow2.authzforce.core.pdp.impl.test.func.NumericArithmeticFunctionsTest)
OnlyOneApplicableCombiningAlg.java,org.ow2.authzforce.core.pdp.impl.combining.OnlyOneApplicableCombiningAlg$Evaluator,null,evaluate,62,NO_COVERAGE,none
LogicalNOfFunction.java,org.ow2.authzforce.core.pdp.impl.func.LogicalNOfFunction$Call,null,evaluate,84,KILLED,org.ow2.authzforce.core.pdp.impl.test.func.LogicalFunctionsTest.testEvaluate[16: urn:oasis:names:tc:xacml:1.0:function:n-of](org.ow2.authzforce.core.pdp.impl.test.func.LogicalFunctionsTest)
TemporalArithmeticFunction.java,org.ow2.authzforce.core.pdp.impl.func.TemporalArithmeticFunction,null,newCall,123,KILLED,org.ow2.authzforce.core.pdp.impl.test.func.DateTimeArithmeticFunctionsTest.testEvaluate[1: urn:oasis:names:tc:xacml:3.0:function:dateTime-add-dayTimeDuration](org.ow2.authzforce.core.pdp.impl.test.func.DateTimeArithmeticFunctionsTest)
OnlyOneApplicableCombiningAlg.java,org.ow2.authzforce.core.pdp.impl.combining.OnlyOneApplicableCombiningAlg,null,getInstance,133,NO_COVERAGE,none
StandardHigherOrderBagFunctions.java,org.ow2.authzforce.core.pdp.impl.func.StandardHigherOrderBagFunctions$BooleanOneBagOnlyFunction$CallFactory$1,null,evaluate,412,KILLED,org.ow2.authzforce.core.pdp.impl.test.func.HigherOrderFunctionsTest.testEvaluate[2: urn:oasis:names:tc:xacml:3.0:function:all-of](org.ow2.authzforce.core.pdp.impl.test.func.HigherOrderFunctionsTest)
StringConcatenateFunction.java,org.ow2.authzforce.core.pdp.impl.func.StringConcatenateFunction$1,null,evaluate,58,KILLED,org.ow2.authzforce.core.pdp.impl.test.func.StringFunctionsTest.testEvaluate[0: urn:oasis:names:tc:xacml:2.0:function:string-concatenate](org.ow2.authzforce.core.pdp.impl.test.func.StringFunctionsTest)
TargetEvaluators.java,org.ow2.authzforce.core.pdp.impl.TargetEvaluators,null,getInstance,200,NO_COVERAGE,none
MapFunctionFactory.java,org.ow2.authzforce.core.pdp.impl.func.MapFunctionFactory,null,getInstance,159,KILLED,org.ow2.authzforce.core.pdp.impl.test.func.HigherOrderFunctionsTest.testEvaluate[14: urn:oasis:names:tc:xacml:3.0:function:map](org.ow2.authzforce.core.pdp.impl.test.func.HigherOrderFunctionsTest)
PolicyEvaluators.java,org.ow2.authzforce.core.pdp.impl.policy.PolicyEvaluators$DynamicPolicySetEvaluator,null,getPolicyRefsMetadata,1054,NO_COVERAGE,none
LogicalNOfFunction.java,org.ow2.authzforce.core.pdp.impl.func.LogicalNOfFunction$CallWithFixedArg0,null,evaluate,253,KILLED,org.ow2.authzforce.core.pdp.impl.test.func.LogicalFunctionsTest.testEvaluate[16: urn:oasis:names:tc:xacml:1.0:function:n-of](org.ow2.authzforce.core.pdp.impl.test.func.LogicalFunctionsTest)
StandardHigherOrderBagFunctions.java,org.ow2.authzforce.core.pdp.impl.func.StandardHigherOrderBagFunctions$BooleanHigherOrderTwoBagFunction$1,null,evaluate,178,KILLED,org.ow2.authzforce.core.pdp.impl.test.func.HigherOrderFunctionsTest.testEvaluate[10: urn:oasis:names:tc:xacml:1.0:function:any-of-all](org.ow2.authzforce.core.pdp.impl.test.func.HigherOrderFunctionsTest)
